0.431983574648367,0.524110281042811,-0.221751365910715,-0.306402212915037,-0.15180584941313,-0.516318739648145,-0.371406134358968,-0.778572902398315,-0.297961091063007,-0.22659976698672,-0.322022161207134
0.710739813995866,0.977623560057436,1.65734916163819,1.53293163989755,-0.464478911293397,0.160797169662901,0.441565371538359,-0.960911787870817,0.0232404533975181,0.0747530814470603,-0.0332351028828889
-0.263695040071043,-0.311043704698157,-0.275357784388695,-0.443700835055606,0.545088047794002,-0.279993721993017,-0.42439445572549,-0.57219836603679,-0.17273232934407,-0.217100381422409,-0.138956761999664
-0.388529355952749,-0.34605174728876,0.322940461327978,0.443896340193768,0.387125431093719,0.16734356904393,-0.266155359041903,0.0639938137243002,0.161067465435558,-0.0946189420187397,0.392897373995693
0.270385754736774,0.460459294514442,1.6918597314738,1.95718772291099,-0.604554584632031,-0.153430000626466,0.187511775945445,-0.968530577145517,1.20230747044169,1.3703075807499,1.23681588098048
-0.404689137943909,-0.341808348186869,-0.175162096632644,-0.457397291278875,-0.552519840307231,-0.345457715803301,-0.226232651163017,0.036063425344545,-0.219033591200599,-0.224174391949023,-0.250242718964691
-0.157444473479171,-0.376551178333603,-0.249934997943129,0.206713805595704,-0.154128829070487,-0.455000798779178,-0.516579617554919,-0.356513700215348,-0.315943209039845,-0.267143953033545,-0.335098261150524
-0.211579743149554,-0.30467860604532,-0.247634293287422,-0.501459793128853,-0.2563399339942,0.160797169662901,-0.162356318556798,-0.0911750106076731,-0.0672085232524455,-0.171826714052076,-0.23169505947052
0.193626790278767,-0.0938347131700997,-0.252235702598837,0.233438598226471,-0.0728245410629886,0.811072841511731,0.267357191703218,3.89200870999408,-0.222802298561014,-0.232865319167436,-0.217320623362537
-0.32469821708767,-0.328547725993458,-0.255111583418471,-0.405618005556762,-0.0193960089437751,-0.332364917041244,-0.447622213036842,-0.316169805889034,-0.200728441164297,-0.192846631045445,-0.296982820890002
-0.458824407614292,-0.322182627340622,-0.296294196755631,-0.495279684832988,-0.0147500496290609,-0.458492211782393,-0.383020013014644,0.234679520489471,-0.0542872408738792,-0.154040630442302,-0.191817591558052
-0.416808974437278,-0.365677468135007,-0.290599952732755,-0.443700835055606,-0.260985893308914,-0.210165461928713,-0.386649350094543,-0.0244524161449246,-0.193191026443466,-0.20295236036918,-0.156113347031773
-0.304498489598721,-0.205489152038613,3.48640936292546,3.49386329918014,0.212901956791936,0.398649680506936,1.72635069782253,-0.944603544433526,0.556243351513375,0.842788510050926,0.963237903441456
-0.37236957396159,-0.378381144196294,-0.236705946172813,0.146583022176476,-0.158774788385202,-0.229804660071798,-0.467220633268296,-0.471338630221008,-0.315943209039845,-0.249034486085412,-0.327354613311708
0.270385754736774,-0.205489152038613,-0.309753318991518,-0.500257177460469,-0.583183171784345,0.363735550474784,-0.130418152253689,-0.114450334257469,-0.217956817669051,-0.20295236036918,-0.284092197541554
-0.311366396944963,-0.324304326891567,-0.208522314140399,-0.410962964082916,-0.20058842221763,-0.334547050168254,-0.371406134358968,0.1819221202166,-0.0209072613959165,-0.176273234954519,-0.250242718964691
1.55508842303394,1.73347902508181,-0.229803832205691,-0.458733530910413,-0.408030505619619,0.00150145139120822,0.376237304100181,5.57248707750935,-0.200728441164297,-0.162327328487765,-0.20572833617868
-0.427312832731532,-0.355599395268015,-0.216574780435374,-0.033809328081206,0.396417349723147,0.968186426656415,0.238322495064028,0.773115340921418,-0.0316749967113884,-0.217100381422409,-0.287338037953033
-0.0608897760819933,-0.279483423877841,-0.259022781333173,-0.423323180674646,1.06775847069935,-0.312725718898159,-0.421490986061571,-0.215310070073252,-0.133968482208371,-0.210632714655218,-0.269717761433571
-0.291570664005793,-0.305474243376925,-0.265234683903583,-0.182465987089852,-0.040302825859989,-0.43012448113127,-0.480286246755931,-0.221516823046531,-0.217956817669051,-0.215079235557662,-0.212683708488995
-0.404689137943909,-0.365491819424299,-0.197593967025789,-0.100621309658125,-0.367842957547341,0.193529166568044,-0.250912143306328,-0.0166939749283259,0.0393920563707259,-0.119883265328077,0.00803343949164194
-0.341261993628608,-0.38291627698644,-0.12167071338745,1.56967822976486,2.67061443427576,-0.516973379586248,-0.475205174844073,-0.0989334518242718,-0.315943209039845,-0.25024717360426,-0.328003781394004
-0.0608897760819933,-0.284257247867469,-0.291922857909787,0.156604819413014,-0.040302825859989,-0.443217279893327,-0.526306240929048,0.256403155895947,0.016779812208235,-0.197091037361413,-0.319842811216568
-0.361461721117557,-0.34896908417131,-0.260518239359383,0.163286017570706,-0.040302825859989,-0.400447470603941,-0.465768898436336,-0.129967216690666,-0.226463328568274,-0.251459861123108,-0.182080070323612
0.625900958542279,0.882147080264884,0.403465124277732,0.246800994541855,-0.307445486456056,0.230625429727205,1.01500063016237,-0.794089784831512,1.37459123548924,1.69369091910942,1.12552992401545
-0.0568498305842035,-0.24421016884337,-0.293130727854033,-0.501493199119642,-0.295830588169271,-0.30836145264414,-0.348904244463595,-0.5178892775206,0.016779812208235,-0.119883265328077,-0.0188606667749062
0.0885882073362307,0.120987366363144,-0.183789739091546,-0.421986941043108,-0.401990758510491,-0.140337201864409,-0.118078406182033,0.757598458488221,-0.315943209039845,-0.215483464730611,-0.257198091275005
-0.22935550333983,-0.12035595755692,1.28923641672503,0.904899013074511,-0.435673963542169,0.725969649558361,2.25623391148775,-0.963828961768258,0.564857539765752,0.588124131092802,0.963237903441456
-0.371157590312253,-0.332525912651482,-0.194142910042228,-0.435683397266376,-0.455419290629704,1.27586719756475,0.376237304100181,2.33256202545775,-0.227432424746667,-0.222355360670751,-0.0902691558274651
-0.362673704766894,-0.294600533178329,-0.222901718238569,-0.280011480192154,-0.226141198448558,0.398649680506936,-0.192116882611968,-0.409271100488218,-0.27384136395635,-0.256007439318789,-0.194599740482178
-0.481569300766849,-0.347112597064233,-0.25338605492669,0.146583022176476,0.275622407540578,-0.13379080248338,-0.301722862424911,-0.697885113745689,-0.208265855885127,-0.227408225332619,-0.312470116567635
-0.385701394104296,-0.326956451330249,-0.2643144020413,-0.453722632292144,0.854044342222497,0.0058657176452272,-0.0781556983031462,0.112096149267212,-0.0973581821357667,-0.20295236036918,-0.316133279317734
-0.31661832609209,-0.334382399758559,-0.274264949677234,-0.176786968655814,0.0619082790637237,-0.464820397850721,-0.422942720893531,-0.404616035758259,-0.075822711504823,-0.192038172699546,-0.241896272192314
-0.243495312582094,-0.294600533178329,-0.296294196755631,-0.501493199119642,-0.295830588169271,-0.253808124468903,-0.12606294775781,0.47363950996071,-0.315943209039845,-0.232461089994486,-0.0248886561105118
-0.14168868603779,-0.320856565121281,-0.101539547650011,-0.386242530899456,-0.37713487617677,-0.368806540262303,-0.507143341147182,-0.448063306571212,-0.192114252911919,-0.220536329392479,-0.302037058102164
1.31269169316655,1.29057424382191,-0.236130770008886,-0.383904111544264,-0.172712666329344,-0.30836145264414,-0.0868661072949033,0.594671192939649,-0.160887820497051,-0.186783193451204,-0.25441594235088
-0.393377290550097,-0.316082741131653,-0.164808925681961,0.206713805595704,0.219870895764007,0.560127531905639,-0.0542020735758143,-0.268067470346123,-0.203958761758938,-0.223568048189599,-0.277136825231239
-0.319850282490322,-0.382094118410448,-0.136625293649547,-0.318762429506767,0.11301383152558,-0.393901071222912,-0.491174257995628,-0.195138122910095,-0.300222315479256,-0.263121872762698,-0.334402723919493
-0.344089955477061,-0.371299971945013,-0.187240796075107,-0.21286543870735,-0.114638174895416,-0.13379080248338,-0.229136120826936,0.652083657942479,-0.268780528358079,-0.261929396702498,-0.317153400589914
-0.479912923112755,-0.382889755742053,-0.290369882267184,-0.470425627686374,-0.305122506798699,-0.48991492881133,-0.421490986061571,-0.00738384546840754,-0.315943209039845,-0.27086286142468,-0.330693192020658
-0.175624228219225,-0.232275608869301,-0.273919843978878,0.0463650498110972,-0.267954832280986,-0.470057517355544,-0.524564159130696,-0.434098112381334,-0.206112308822032,-0.230237829543265,-0.184862219247738
-0.282278789360877,-0.312900191805235,-0.203345728665057,0.524070718086071,0.677497888263357,0.114972373995702,-0.188487545532069,0.434847303877716,-0.15335040577622,-0.185368391345881,-0.268790378458862
7.72004525266124,7.00855453362035,-0.179188329780131,-0.388246890346763,-0.123930093524845,-0.31054358577115,0.187511775945445,0.397606786038043,-0.298284123122471,-0.216494037662985,-0.330461346276981
-0.250363219928337,-0.331199850432141,-0.171711039649083,-0.313417470980614,-0.346936140631127,-0.255990257595912,-0.433104864717247,-0.316169805889034,-0.315943209039845,-0.0930020253269421,-0.332455219672605
1.63184738749195,1.95360535349242,-0.135474941321693,1.53293163989755,2.53123565483433,-0.482277462866797,-0.338016233223899,1.7149901046165,-0.315943209039845,-0.234280121272759,-0.294617994304496
-0.216831672296681,-0.29141798385191,-0.209672666468252,-0.352168420295227,0.48236759704536,-0.170887065642542,-0.359792255703292,-0.322376558862313,-0.219033591200599,-0.227812454505568,-0.308806953817537
-0.415192996238162,-0.342073560630737,-0.234405241517105,-0.428334079292915,-0.567851506045788,-0.0159556136248678,-0.277769237697579,-0.488407200897525,-0.307544375493777,-0.119883265328077,-0.314139405922111
-0.138456729639558,-0.220871473782969,-0.182639386763692,-0.401943346570032,-0.521856508830118,-0.386918245216482,-0.363421592783191,-0.0663479987145574,0.312892533383711,-0.0182196283313025,0.22133152367461
0.242106136252245,-0.0354879755190953,-0.194142910042228,-0.434347157634838,-0.386426794806198,-0.452818665652169,-0.293738320849134,0.971731436066344,0.169681653687935,-0.0404522328435197,0.332617480639637
-0.128760860444863,-0.288765859413228,-0.293935974483531,-0.127346102288893,-0.219172259476486,-0.0399590780219722,-0.355437051207413,-0.475993694950967,-0.285255163390751,-0.236301267137506,-0.230767676495811
0.423903683652787,0.0520321309574114,-0.192992557714375,-0.419648521687915,-0.602696200906145,0.715058983923313,0.347202607460991,2.80893031615691,-0.220002687378991,-0.232461089994486,-0.267862995484154
-0.465934711690403,-0.332525912651482,-0.273919843978878,0.560817307953376,0.126951709469723,0.114972373995702,-0.0738004938072677,3.84856143918113,-0.195344573506561,-0.237513954656354,-0.0990792940871964
0.811738451440612,1.05188304434053,1.19145646885747,1.09197256148989,-0.163420747699916,1.14493920994418,2.52480485540026,-0.965613403248076,-0.0952046350726723,-0.0343887952492786,0.235242268295238
-0.280258816611982,-0.333056337539218,-0.297156961001521,-0.501493199119642,-0.0774705003777028,-0.225440393817779,0.688360292971476,-0.795641473074832,-0.199651667632749,-0.165156932698411,0.0237989500616874
-0.356209791970431,-0.336238886865636,-0.195293262370082,-0.297382595402153,-0.332998262686985,2.12471698397145,2.66997833859621,6.72228806580927,-0.23755409594321,-0.22316381901665,-0.310939934659366
-0.184512108314362,0.158117108504692,-0.200469847845423,-0.443366775147722,-0.233110137420629,-0.556033562559718,-0.42584619055745,-0.862674405186245,-0.315727854333536,-0.184559932999982,-0.303381763415492
-0.4240808763333,-0.277626936770764,-0.181489034435838,-0.144049097683123,0.726280461067856,-0.364878700633686,-0.279946839945519,1.29293090243353,-0.143659443992296,-0.215079235557662,-0.286410654978325
-0.398225225147445,-0.382253245876769,-0.229228656041764,0.260163390857239,0.76344813558557,-0.26471879010395,-0.405521902910016,-0.553578107116954,-0.0316749967113884,-0.200324870745009,-0.211756325514286
-0.190168032011268,-0.0938347131700997,3.12980014129083,3.21659357563592,-0.0193960089437751,1.36097038951812,3.91847029408139,-0.961439361873546,0.0490830181546505,0.0120975596399028,-0.0276708050346375
-0.283894767559992,-0.283461610535864,-0.200469847845423,-0.457397291278875,-0.401990758510491,-0.405248163483362,-0.474479307428093,-0.33944512953883,-0.141505896929201,-0.219525756460105,-0.250242718964691
-0.315002347892974,-0.38291627698644,-0.213123723451813,-0.0505123234754359,0.0944299942667232,-0.360732647692368,-0.518539459578064,-0.299101235212517,-0.315943209039845,-0.0626848373557368,-0.332084266482721
-0.425292859982637,-0.317408803350994,-0.284042944463989,-0.491738649809412,0.11301383152558,-0.358550514565358,-0.475205174844073,-0.424787982921416,-0.198574894101202,-0.190623370594223,-0.183471144785675
-0.40024519789634,-0.319265290458071,-0.227503127549984,-0.49718382630793,0.119982770497651,-0.125062269975343,-0.285753779273357,-0.618749013336382,-0.269857301889626,-0.232461089994486,0.0442013755052756
-0.245919279880768,-0.32536517666704,-0.25338605492669,-0.150730295840815,0.219870895764007,0.669234188256114,0.0866162051242584,0.652083657942479,-0.165194914623239,-0.208409454203997,-0.286874346465679
1.32885147515771,1.43113683907206,-0.258505122785639,-0.454724812015798,-0.37713487617677,-0.366842620447995,0.20202912426504,-0.471338630221008,-0.310020954616336,-0.251459861123108,-0.30268622618446
-0.31661832609209,-0.31793922823873,-0.22462724673035,0.1265394277034,-0.435673963542169,0.560127531905639,0.0227398725180398,1.23241506094406,-0.205035535290485,-0.18617684969178,-0.171878857601818
0.537022157590903,0.664672876292958,1.03615890459723,0.78129684715721,-0.56506393045696,1.71011168983964,3.72248609176686,-0.9095353901345,0.165374559561747,0.228360167167834,0.0372460031949615
0.0199091338738035,-0.249249205276866,-0.303598934037501,-0.490101756260777,-0.413837954763012,-0.0246841461329057,-0.346726642215656,-0.618749013336382,-0.307544375493777,-0.192846631045445,-0.300275030450218
0.456223247635106,0.0652927531508215,0.0894189387736912,0.300250579803391,0.333696898974505,0.237171829108234,-0.198649689355786,-0.471338630221008,-0.227432424746667,-0.240949902626424,-0.266471921022091
-0.476600167804568,-0.329078150881195,0.0859678817901303,-0.0872589133427415,3.92502344924859,-0.343275582676292,-0.266155359041903,1.08034961309873,-0.178116197001806,-0.260878400852829,-0.29883758683942
-0.330758135334355,-0.268609713679245,-0.269548505133034,-0.218210397233504,-0.163420747699916,0.0495083801854171,-0.192116882611968,-0.28668772926596,-0.0639782026578039,-0.20295236036918,-0.29883758683942
-0.418828947186173,-0.38291627698644,-0.0975133145025235,0.681078874791831,1.29541047712035,-0.306179319517131,-0.449073947868802,-0.550474730630314,-0.315943209039845,0.992353304042206,-0.329951285640892
1.26421234719307,1.17388076851991,-0.252235702598837,-0.340810383427151,0.00151080797243891,-0.50824484707821,-0.39390802425434,-0.803399914291431,-0.178116197001806,-0.149594109539859,-0.277136825231239
-0.378025497658496,-0.361964493920852,0.622032066569921,0.761253252684135,1.11421806384649,-0.293086520755074,-0.469398235516235,-0.173414487503619,-0.116740105703616,-0.219525756460105,-0.257198091275005
-0.044729994090834,-0.288765859413228,-0.0854346150600604,0.316953575197621,0.317436041373006,-0.125062269975343,-0.383020013014644,-0.382892400351783,-0.239922997712614,-0.212249631347016,-0.221493846748726
0.698619977502496,0.977623560057436,1.53656216721356,1.60642481963216,-0.600837817180259,-0.107605204959267,0.187511775945445,-0.956675678966554,0.00170498276657439,0.127302873930483,0.188873119559811
-0.248343247179442,-0.347643021951969,-0.298709936644123,-0.494444535063277,-0.413837954763012,-0.199254796293665,-0.33583863097596,-0.0741064399311561,-0.161964594028598,-0.187591651797102,-0.295406269832998
-0.350957862823304,-0.320856565121281,-0.300032841821155,-0.49481200096195,-0.175035645986701,-0.107605204959267,-0.291560718601195,-0.429443047651375,-0.236800354471127,-0.223568048189599,-0.294200671965877
-0.412769028939488,-0.378858526595256,-0.178037977452278,-0.436351517082145,-0.604786882597766,-0.0945124061972095,-0.436008334381166,-0.538061224683756,-0.315727854333536,-0.266982261364365,-0.33361444839099
0.032028970367173,0.139552237433918,-0.297962207631018,-0.429002199108684,0.689112786550143,-0.531157244911809,-0.0643642173995309,-0.637369272256219,-0.0779762585679173,-0.109979650590817,-0.144057368360561
0.484502866119635,0.675281374047686,0.368954554442123,0.213395003753396,-0.468892572642375,0.773976578352569,2.20542319236917,-0.960058359336991,0.207368727292087,0.333459752134678,0.249153012915867
0.646100686031229,0.860930084755427,1.30073994000356,1.0351823771495,-0.367842957547341,1.14493920994418,3.45391514785435,-0.955744666020562,0.385036359997372,0.383988398753354,-0.24792426152792
-0.068969667077573,0.10242249529237,-0.220601013582862,0.487324128218765,0.854044342222497,-0.381681125711659,-0.235668927570753,1.25258700810722,-0.107049143919691,-0.182134557962286,-0.256734399787651
0.0926281528340206,-0.149529326382422,-0.12167071338745,0.393787354011078,-0.0867624190071312,-0.385172538714874,-0.42439445572549,0.580705998749771,-0.20718908235358,-0.232461089994486,-0.177906846937424
0.520862375599744,0.608978263080636,-0.142952231452742,-0.34515316222965,-0.298153567826628,-0.523956205592678,-0.238572397234672,-0.714953684422206,-0.265657885116592,-0.239130871348151,-0.316318755912676
-0.0366501030952543,-0.285052885199073,-0.191842205386521,-0.276002761297539,-0.040302825859989,-0.210165461928713,-0.311885006248628,-0.542716289413716,-0.099511729198861,-0.210026370895794,-0.31293380805499
1.28037212918423,1.53191756774198,0.547259165259436,0.410490349405308,-0.36087401857527,0.147704370900844,0.985965933523177,-0.960632483987019,0.36673120996107,0.408242149130318,0.722118330017231
-0.434584734627553,-0.363210992407032,-0.223476894402496,-0.447041434134452,-0.595727261934074,-0.199254796293665,-0.427297925389409,-0.0415209868214417,0.0264707739921596,-0.182134557962286,-0.00726837959104924
-0.356209791970431,-0.317408803350994,-0.190691853058668,-0.409960784359262,-0.323706344057556,-0.225440393817779,-0.381568278182684,0.102786019807294,0.283819648031937,-0.100884494199455,-0.214074782951057
-0.336818053581039,-0.302556906494375,-0.242457707812081,-0.0805777151850496,-0.307445486456056,-0.216711861309741,-0.39390802425434,-0.378237335621824,0.0361617357760844,-0.130595338411237,-0.0248886561105118
-0.332374113533471,-0.308126367815607,-0.0687545063061828,0.200032607438012,0.352280736233362,0.444474476174136,-0.0592831454876726,-0.382892400351783,-0.252198215972252,-0.19911218322616,-0.0925876132642365
-0.108157138406134,-0.260918552807067,-0.309753318991518,-0.497651510178969,-0.00778111065698957,0.2524467609973,0.405272000739371,2.15877294220594,-0.135045255739918,-0.197697381120838,-0.234477208394646
-0.354997808321094,-0.300965631831165,-0.308430413814486,-0.475636962249374,-0.413837954763012,-0.403720670294455,-0.414232311901774,-0.420132918191457,-0.0575175614685208,-0.155051203374676,-0.191817591558052
-0.0245302666018848,-0.235192945751851,-0.223476894402496,-0.438689936437337,0.0502933807769381,-0.181797731277589,-0.383020013014644,-0.33944512953883,-0.0844368997572005,-0.1892085684889,-0.297353774079886
0.137067553309709,-0.286909372306151,-0.219450661255008,-0.435015277450607,-0.519765827138496,-0.260354523849931,-0.461413693940458,-0.389099153325062,-0.160887820497051,-0.227408225332619,-0.245142112603794
-0.41196103983993,-0.328017301105722,-0.221176189746789,-0.442030535516183,-0.56831610197726,-0.336729183295264,-0.410602974821875,-0.0492794280380403,-0.235077516820652,-0.223568048189599,-0.16121395339267
0.0279890248693831,0.205855348400969,3.66471397374277,4.11187412876664,-0.286538669539843,1.66646902729945,4.95646069893244,-0.954534349190773,1.72992650089981,2.27982321988606,0.833404286982258
0.520862375599744,0.476372041146535,1.26047760852869,0.995095188203352,-0.00778111065698957,0.0102299838992463,0.405272000739371,-0.965753055189974,0.965417293501305,1.32584237172546,0.675749181281803
-0.291570664005793,-0.279483423877841,-0.237856298500666,0.0563868470476351,-0.488870197695647,-0.0246841461329057,-0.301722862424911,1.1175901309384,-0.099511729198861,-0.206590422925724,-0.279918974155365
-0.299246560451594,-0.313695829136839,-0.271216516008422,-0.451384212936952,0.324404980345077,-0.388663951718089,-0.503514004067284,0.245541338192709,-0.0822833526941061,-0.176273234954519,-0.268790378458862
-0.291570664005793,-0.307595942927871,-0.253961231090617,-0.127346102288893,0.243100692337578,0.160797169662901,-0.162356318556798,0.102786019807294,-0.241538158009935,-0.268093891589976,-0.295823592171617
0.86021779741409,0.964362937864026,1.01315185804016,0.981732791887969,-0.479810577031954,-0.35200411518433,-0.146387235405243,-0.959856639865359,1.67608782432245,2.19089280183719,0.810219712614544
-0.380045470407391,-0.35639503259962,-0.271216516008422,-0.0805777151850496,0.161796404330079,-0.170887065642542,-0.355437051207413,-0.3999609710283,-0.146889764586937,-0.21285597510644,-0.312191901675223
-0.0568498305842035,-0.287970222081624,-0.267477870942897,-0.439358056253107,0.226839834736078,-0.140337201864409,-0.2160705073393,3.80511416836818,-0.220971783557384,-0.2059840791663,-0.270181452920925
-0.214407704998007,-0.379282866505446,-0.198169143189716,-0.410962964082916,-0.440784518788354,1.73193302110974,0.158477079306254,-0.485303824410885,-0.315943209039845,-0.270842649966032,-0.332269743077663
-0.410345061640814,-0.348173446839705,0.115877042314325,1.45943846016294,1.03755973515371,-0.0639625424190766,-0.282850309609438,-0.187379681693497,-0.250260023615467,-0.238524527588727,-0.320167395257716
-0.378025497658496,-0.325895601554776,-0.239581826992447,-0.501459793128853,-0.119284134210131,-0.0945124061972095,-0.322047150072344,-0.624955766309661,-0.197498120569655,-0.219929985633055,-0.223812304185497
-0.422464898134184,-0.34896908417131,-0.265234683903583,-0.455058871923683,-0.0612096427762031,-0.30836145264414,-0.412054709653834,0.00968472520810952,0.0555436593439337,-0.141711640667345,-0.25441594235088
0.165347171794238,-0.125129781546548,-0.179188329780131,-0.447041434134452,-0.321383364400199,-0.295268653882083,-0.415684046733733,0.172611990756682,-0.184576838191089,-0.229429371197366,-0.232622442445229
-0.472277426121933,-0.342338773074605,-0.299457665657228,-0.466416908791759,-0.36087401857527,-0.144701468118428,-0.386649350094543,-0.247895523182966,0.0103191710189519,-0.129382650892388,-0.225667070134914
-0.349745879173967,-0.306800305596266,-0.305094392063711,-0.501459793128853,-0.497465222427868,0.0276870489153222,-0.226232651163017,-0.522544342250559,-0.168425235217881,-0.216089808490035,-0.335098261150524
-0.304498489598721,-0.298578719836352,-0.309753318991518,-0.110643106894663,-0.388749774463555,-0.547523243364381,-0.48536731866779,-0.0244524161449246,-0.297745736356698,-0.201133329090907,-0.0670845814597512
-0.272178925616402,-0.290357134076437,-0.262933979247875,-0.401943346570032,-0.270277811938343,0.245900361616272,0.172994427625849,1.5505111508246,-0.0930510880095779,-0.211239058414643,-0.24792426152792
-0.341261993628608,-0.287970222081624,-0.146403288436303,-0.371209835044649,-0.335321242344342,-0.379935419210052,-0.51512788272296,-0.612542260363103,-0.231739518872855,-0.219929985633055,-0.165850868266212
-0.350957862823304,-0.335443249534032,-0.18839114840296,-0.467753148423297,-0.42312987339244,-0.214529728182732,0.165735753466052,2.48462747330308,-0.124277520424446,-0.134435515554256,-0.0545649113011857
-0.451148511168492,-0.373103416563316,-0.233254889189252,-0.251950447929848,-0.44426898827439,-0.356368381438349,-0.346726642215656,0.268816661842505,-0.300222315479256,-0.259645501875334,-0.183471144785675
-0.311366396944963,-0.331465062876009,-0.275357784388695,-0.491972491744931,-0.339967201659056,-0.385172538714874,-0.442541141124984,-0.235482017236408,0.15245327718318,-0.0121561907370614,-0.13524723010083
-0.407921094342141,-0.355068970380279,-0.232104536861398,-0.362524277439649,1.76465236790648,2.01561032762097,0.891603169445808,2.87720459886298,0.301048024536692,-0.136860890591952,-0.278527899693302
-0.20915577585088,-0.259857703031594,-0.220601013582862,-0.237919931798695,-0.413837954763012,-0.405248163483362,-0.410602974821875,0.130716408187049,-0.243045640954101,-0.221749016911327,-0.190426517095989
-0.468964670813745,-0.364775745825855,-0.10901683778106,0.714484865580291,0.415001186982004,-0.306179319517131,-0.373583736606907,0.82121767646433,-0.261673823049867,-0.1892085684889,-0.0304529539587632
-0.203499852153975,-0.298578719836352,-0.302678652175218,-0.445371134595029,-0.249370995022129,0.0975153089796261,-0.263251889377984,-0.556681483603593,-0.0262911290536524,-0.177890151646317,-0.225667070134914
-0.25723112727458,-0.333056337539218,-0.309753318991518,-0.498319629994738,0.182703221246293,-0.476822130049273,-0.436008334381166,0.102786019807294,0.0329314151814428,-0.104118327583051,-0.199700346843075
-0.332374113533471,-0.310248067366553,-0.187240796075107,-0.418980401872146,-0.599444029385845,-0.546868603426278,-0.293738320849134,-0.668403037122614,0.0878468652903492,-0.0667271290852309,-0.0949060707010079
-0.465611516050579,-0.368647847506331,-0.212548547287886,-0.454390752107914,-0.540904942020446,0.202257699076082,-0.219699844419199,-0.280480976292681,0.0770791299748774,-0.179709182924589,-0.179297921399487
-0.385701394104296,-0.377983325530491,-0.180338682107985,-0.409960784359262,-0.36087401857527,0.128065172757759,-0.322047150072344,-0.448063306571212,-0.27384136395635,-0.239737215107575,-0.306813080421913
0.145147444305288,0.0308151354479552,-0.219450661255008,0.00627786086494559,-0.040302825859989,-0.0203198798788867,-0.353259448959474,-0.485303824410885,-0.075822711504823,-0.216089808490035,-0.322022161207134
-0.330758135334355,-0.316878378463258,-0.291232646513075,-0.47009156777849,-0.582486277887138,1.08602161551493,0.209287798424837,-0.255653964399565,-0.307759730200087,-0.0586425456262428,-0.321697577165986
0.698619977502496,0.773409978278921,-0.271216516008422,-0.443366775147722,-0.219172259476486,-0.0639625424190766,-0.025167376936624,0.538810416180139,-0.315943209039845,-0.182134557962286,-0.280846357130074
0.528942266595323,-0.158016124586205,-0.200469847845423,-0.260970065442732,0.182703221246293,-0.42335986843754,-0.465768898436336,-0.471338630221008,-0.189960705848825,-0.230237829543265,-0.218248006337246
0.585501503564381,0.744236609453419,-0.214849251943594,-0.424993480214069,-0.575285040949331,-0.550360016429493,-0.509320943395122,-0.954224011542109,-0.301191411657649,-0.196282579015515,-0.313907560178434
-0.0406900485930441,0.0308151354479552,-0.230954184533545,-0.49481200096195,0.175734282274222,-0.377971499395743,-0.469398235516235,-0.159449293313741,-0.128584614550635,-0.186783193451204,-0.268326686971508
-0.349745879173967,-0.326956451330249,-0.215999604271447,-0.456061051647337,-0.34461316097377,-0.181797731277589,-0.386649350094543,-0.0663479987145574,-0.146889764586937,-0.188400110143001,-0.0643024325356255
0.391584119670469,0.484328414462581,1.0591659511543,1.00845758451874,-0.440784518788354,-0.376225792894135,-0.414232311901774,-0.968313340791452,-0.267811432179686,-0.195676235256091,1.15335141325671
-0.044729994090834,-0.264366314577354,-0.25338605492669,0.00961845994379156,0.726280461067856,-0.295268653882083,-0.433104864717247,-0.448063306571212,-0.267811432179686,-0.232461089994486,-0.2961945453615
0.718819704991446,0.91662469796775,0.714060252798212,0.580860902426452,-0.511867696303482,1.71011168983964,4.16526521551451,-0.953292998596117,0.283819648031937,0.432495899507282,0.119783087944023
0.278465645732353,-0.223788810665519,-0.2619561797692,-0.452052332752721,0.0619082790637237,-0.354186248311339,-0.409151239989915,0.0639938137243002,-0.189960705848825,-0.229025142024416,-0.309085168709949
-0.430544789129764,-0.364192278449345,-0.176887625124424,-0.376220733662918,-0.0472717648320604,0.481570739333297,-0.105012792694397,-0.424787982921416,0.295664156878956,-0.136860890591952,-0.204337261716618
-0.0730096125753628,-0.284257247867469,-0.262933979247875,-0.4243253603983,0.119982770497651,-0.181797731277589,-0.367776797279069,0.0919242021040554,-0.196421347038108,-0.216089808490035,-0.248851644502628
-0.295610609503583,-0.309717642478816,-0.169985511157302,-0.315421830427921,0.259361549939078,0.0604190458204646,-0.150742439901122,0.141578225890287,-0.221940879735776,-0.233875892099809,-0.271572527382988
-0.357825770169547,-0.379548078949314,-0.184940091419399,-0.448711733673875,-0.532774513219696,0.581948863175734,-0.0868661072949033,0.141578225890287,-0.309374890497408,-0.232865319167436,-0.335098261150524
-0.0164503756063051,-0.25747079103678,-0.235555593844959,-0.46942344796272,-0.365519977889984,-0.435579813948794,-0.405521902910016,-0.305307988185796,-0.286331936922298,-0.181326099616387,0.740665989511402
-0.20915577585088,-0.330139000656668,-0.294856256345814,-0.501459793128853,-0.0565636834614888,1.12966427805512,0.412530674899169,1.33482648500316,0.0200101328028766,-0.181326099616387,-0.269717761433571
-0.348129900974851,-0.349234296615178,-0.279153947070612,-0.462408189897144,0.493982495332146,0.601588061318819,-0.0200863050247657,0.93759429471331,-0.239169256240531,-0.234886465032183,-0.290583878364513
-0.398225225147445,-0.343664835293946,-0.236705946172813,0.497345925455303,0.368541593834862,-0.231986793198808,-0.390278687174442,-0.530302783467158,-0.116740105703616,-0.202346016609756,-0.24467842111644
-0.250363219928337,-0.339686648635923,-0.286746272434446,-0.501459793128853,-0.579931000264045,-0.192708396912637,-0.324224752320284,-0.550474730630314,-0.186730385254183,-0.216494037662985,-0.306813080421913
-0.353785824671757,-0.326426026442513,-0.214849251943594,-0.0304687290023601,-0.417554722214783,-0.229804660071798,-0.428749660221369,0.0546836842643818,-0.256182278038977,-0.217100381422409,-0.246069495578503
-0.404689137943909,-0.358251519706697,-0.207371961812545,-0.433679037819068,-0.604786882597766,-0.48991492881133,-0.510046810811101,-0.63116251928294,-0.23001668122238,-0.233269548340385,-0.204337261716618
-0.374793541260264,-0.381563693522712,-0.144677759944522,-0.378225093110225,-0.100700296951274,-0.164340666261513,-0.463591296188397,-0.606335507389825,-0.315943209039845,-0.0525791080320018,-0.333336233498578
-0.378025497658496,-0.324304326891567,-0.201620200173277,-0.288028917981384,-0.0193960089437751,-0.334547050168254,-0.42439445572549,-0.471338630221008,-0.315943209039845,-0.249236600671886,-0.268326686971508
-0.37236957396159,-0.344990897513287,-0.203345728665057,-0.452052332752721,-0.509777014611861,-0.22107612756376,-0.282850309609438,1.66688776907358,0.353809927582504,-0.0744074833712695,-0.177906846937424
-0.450744516618713,-0.371697790610815,0.0859678817901303,-0.0672153188696657,0.533473149507217,-0.107605204959267,-0.361969857951231,-0.328583311835592,-0.216880044137504,-0.122712869538723,-0.323088651628048
-0.353785824671757,-0.337564949084977,-0.263394120179017,-0.103961908736971,0.133920648441794,-0.507590207140107,-0.410602974821875,-0.732022255098723,-0.179192970533353,-0.233875892099809,-0.311449995295456
-0.299246560451594,-0.311043704698157,-0.244758412467788,-0.113983705973509,-0.249370995022129,0.0211406495342937,-0.298819392760992,-0.624955766309661,-0.262750596581414,-0.223568048189599,0.13786705595084
0.0199091338738035,-0.271792263005663,-0.215999604271447,-0.29571229586273,0.324404980345077,0.180436367805987,-0.0643642173995309,-0.00738384546840754,-0.235938935645889,-0.240545673453474,-0.313165653798667
-0.448320549320039,-0.355864607711883,-0.0727807394536705,0.00961845994379156,0.86798222016664,-0.120698003721323,-0.33583863097596,-0.600128754416546,-0.268780528358079,-0.238120298415778,0.00200545015603633
0.0724284253450714,0.184638352891512,0.725563776076748,0.724506662816829,-0.319060384742842,-0.103240938705248,0.572221506414715,-0.964946177303448,3.33431906290511,3.58952574024212,5.7902662867995
0.472383029626265,0.635499507467456,4.40093946356909,4.68645717032815,-0.277246750910414,0.16734356904393,0.898861843605606,-0.96209107093574,0.347349286393221,0.333459752134678,0.884410350591228
-0.342877971827724,-0.343664835293946,-0.220601013582862,-0.428334079292915,-0.226141198448558,-0.341093449549283,-0.379390675934745,-0.488407200897525,-0.286331936922298,-0.256896743499278,-0.301016936829985
-0.405497127043467,-0.279483423877841,-0.256837111910251,-0.0972807105792795,-0.587132237201852,-0.297450787009093,-0.431653129885288,0.360366268198369,0.045852697560009,-0.115840973598583,0.115609864557835
-0.380045470407391,-0.34313441040621,-0.256261935746324,-0.479545463171624,-0.576214232812274,0.0385977145503696,-0.195746219691867,0.256403155895947,-0.238415514768448,-0.239535100521101,-0.294200671965877
-0.405497127043467,-0.340482285967528,-0.172861391976936,-0.207520480181196,-0.281892710225128,0.282996624775433,-0.162356318556798,-0.28668772926596,-0.239922997712614,-0.241556246385848,-0.288265420927742
0.743059377978185,0.860930084755427,0.530003880341631,0.260163390857239,-0.526502468144832,0.173889968424958,0.724653663770464,-0.966451314899468,0.825436734400171,0.937782365694036,0.842678116729343
0.730939541484815,0.895407702458294,8.00154224975095,6.67077302316265,1.45801905313535,0.245900361616272,1.11662206839953,-0.956148104963825,2.3436874138817,2.62341801689305,3.13795097913302
-0.0528098850864136,-0.382889755742053,0.210205933198322,0.360381363222618,1.63224252743713,0.101879575233645,-0.363421592783191,-0.443408241841253,-0.315943209039845,0.0141187055046498,-0.332594327118811
-0.157444473479171,-0.309717642478816,-0.309753318991518,0.0430244507322513,-0.56669001621711,-0.341093449549283,-0.446896345620863,-0.389099153325062,-0.263396660700343,-0.263303775890526,-0.322671329289429
-0.254807159975906,-0.338891011304318,-0.306302262007957,-0.501326169165699,-0.516978251549668,0.173889968424958,-0.109367997190276,-0.334790064808871,0.148146183056992,-0.0283253576550376,0.0803693115189094
-0.389741339602086,-0.38182890596658,-0.207371961812545,-0.113983705973509,0.308144122743577,-0.456091865342683,-0.51512788272296,-0.0741064399311561,-0.0155233937381806,-0.252268319469007,-0.332084266482721
-0.46157157055279,-0.365863116845714,-0.276795724798512,-0.458733530910413,0.454491841157075,0.0909689095985976,-0.279946839945519,-0.247895523182966,-0.164118141091692,-0.224174391949023,-0.284092197541554
-0.403881148844351,-0.351090783722256,0.100347285888301,0.620948091372604,1.36509986684106,-0.559088548937531,-0.571455194202989,-0.725815502125444,-0.259843308046237,-0.241960475558797,-0.259980240199131
-0.201075884855301,-0.149529326382422,-0.138350822141327,-0.336133544716766,0.789000911816498,-0.504971647387696,0.104762890523752,-0.505475771574042,-0.17273232934407,-0.193655089391344,-0.252561176401463
-0.422464898134184,-0.373554277717892,0.0681374207083991,0.487324128218765,0.907472874341711,0.435745943666098,-0.134773356749567,-0.255653964399565,0.187986803724237,-0.107150046380171,0.151777800571468
-0.206327814002428,-0.321652202452885,-0.233254889189252,-0.228232194470041,-0.55530741589606,-0.168704932515532,-0.361969857951231,-0.373582270891865,-0.11135623804588,-0.198505839466736,-0.277136825231239
-0.224507568742482,-0.293804895846724,-0.253961231090617,0.186670211122628,0.598516579913216,-0.279993721993017,-0.422942720893531,-0.485303824410885,-0.137198802803013,-0.247821798566564,-0.295823592171617
-0.383277426805622,-0.306800305596266,-0.17401174430479,-0.453054512476375,-0.54392481557501,-0.472021437169852,-0.530153338233741,0.566740804559894,-0.115663332172069,-0.197091037361413,-0.257198091275005
-0.365097672065568,-0.296987445173142,-0.233830065353179,0.0998146350726327,-0.367842957547341,-0.317089985152178,-0.409151239989915,-0.221516823046531,-0.213649723542863,-0.210632714655218,-0.125973400353745
-0.0245302666018848,-0.235192945751851,-0.239581826992447,-0.421986941043108,0.259361549939078,0.701966185161256,0.0285468118458779,0.268816661842505,-0.179192970533353,-0.231046287889163,-0.300645983640101
-0.254807159975906,-0.303087331382111,-0.22462724673035,-0.0204469317658222,0.342988817603934,0.0276870489153222,-0.257444950050146,-0.413926165218178,-0.169502008749428,-0.244790079769443,-0.31293380805499
-0.425292859982637,-0.358251519706697,-0.147553640764156,0.370403160459156,0.800615810103284,0.215350497838139,-0.209537700595482,-0.497717330357443,-0.0779762585679173,-0.199718526985585,-0.269717761433571
3.22358591362115,3.27966757283343,-0.23900665082852,-0.447041434134452,-0.432189494056133,-0.50824484707821,-0.222603314083118,-0.722712125638805,-0.315943209039845,-0.15181736999108,-0.314603097409465
-0.263695040071043,-0.339156223748187,-0.259540439880707,-0.473198324921816,0.00847974694451017,0.0276870489153222,-0.222603314083118,-0.10669189304087,-0.121047199829805,-0.222355360670751,-0.291511261339222
-0.37236957396159,-0.382889755742053,-0.0704800347979632,0.540773713480301,3.2745891451886,-0.155612133753475,-0.472301705180154,-0.493062265627484,-0.211496176479768,0.541637776203621,-0.334912784555582
-0.427312832731532,-0.3357084619779,-0.176887625124424,-0.230904673733118,-0.0472717648320604,1.36097038951812,0.644808248012691,1.66688776907358,-0.160887820497051,-0.229025142024416,-0.118090645068722
-0.184512108314362,-0.30176126916277,-0.278176147591936,-0.493375543358046,-0.563205546731074,-0.343275582676292,-0.407699505157956,-0.328583311835592,-0.200728441164297,-0.203558704128604,-0.00124039025544363
-0.449936527519155,-0.343664835293946,-0.221176189746789,-0.461071950265605,-0.55042915861561,-0.103240938705248,-0.254541480386227,-0.255653964399565,-0.228293843571904,-0.232461089994486,-0.209437868077515
-0.422464898134184,-0.315552316243917,-0.302333546476862,-0.361522097715996,-0.337644222001699,-0.0290484123869247,-0.342371437719778,-0.534957848197117,-0.184576838191089,-0.20295236036918,-0.210365251052223
-0.282278789360877,-0.314226254024576,-0.226927951386057,-0.459735710634067,-0.555772011827531,-0.17961559815058,-0.331483426480081,-0.475993694950967,-0.212572950011316,-0.225791308640821,-0.269717761433571
-0.362673704766894,-0.38291627698644,-0.243032883976008,-0.0438311253177439,-0.323706344057556,0.180436367805987,-0.235668927570753,2.36204410208083,-0.315943209039845,-0.117255775703906,-0.335098261150524
-0.490174384677142,-0.382889755742053,-0.183789739091546,-0.433679037819068,-0.370165937204698,-0.543377190423063,-0.479560379339952,-0.471338630221008,-0.315943209039845,-0.267871565544854,-0.331435098400425
0.056268643353912,0.163421357382056,0.495493310506022,0.417171547563,-0.604786882597766,0.601588061318819,1.94411092261646,-0.949879284460813,2.69902267929227,2.81138458231452,3.26314768071868
0.36734444668373,0.601021889764589,8.86430649564117,8.64172647968178,0.76344813558557,0.701966185161256,1.98766296757524,-0.958025647738242,0.103998468263557,0.153577770172194,-0.088414389878048
-0.187340070162815,-0.319795715345808,-0.286746272434446,-0.501459793128853,-0.467266486882225,-0.170887065642542,-0.383020013014644,-0.628059142796301,-0.220002687378991,-0.239535100521101,-0.301341520871133
-0.263695040071043,-0.285052885199073,-0.282892592136136,-0.430338438740223,-0.367842957547341,0.180436367805987,-0.12606294775781,2.04860307693024,-0.157657499902409,-0.213462318865864,-0.293783349627258
-0.380045470407391,-0.338891011304318,-0.197593967025789,-0.4243253603983,-0.603160796837616,1.45043784772551,0.688360292971476,4.2551037589309,-0.216880044137504,-0.222759589843701,-0.101397751523968
-0.467793086619386,-0.38291627698644,-0.235555593844959,-0.0471717243965899,0.0804921163225805,-0.362914780819377,-0.510772678227081,-0.502372395087402,-0.302698894601815,-0.27086286142468,-0.328421103732623
-0.144920642436022,-0.382094118410448,-0.207371961812545,-0.193824023957928,0.598516579913216,-0.381681125711659,-0.478108644507992,-0.367375517918586,-0.30646760196223,-0.27086286142468,-0.332965280308694
0.431983574648367,0.532066654358857,-0.217725132763228,-0.352168420295227,-0.267954832280986,-0.545559323550072,-0.353259448959474,-0.787883031858233,-0.143659443992296,-0.105533129688374,-0.229840293521103
-0.371157590312253,-0.333056337539218,-0.151004697747717,-0.398268687583301,-0.502111181742582,0.398649680506936,0.0742764590526026,0.566740804559894,-0.315943209039845,-0.159295609690644,-0.288265420927742
-0.413577018039046,-0.341012710855264,-0.197593967025789,-0.144049097683123,-0.2400790763927,-0.306179319517131,-0.414232311901774,-0.129967216690666,-0.135045255739918,-0.190623370594223,-0.170487783139755
-0.380045470407391,-0.333586762426954,-0.299630218506406,-0.496916578381623,-0.604786882597766,-0.129426536229361,-0.324224752320284,0.324677438602015,-0.075822711504823,-0.18617684969178,-0.226594453109623
-0.371157590312253,-0.311043704698157,-0.135474941321693,0.928283206626433,3.85533405952788,-0.418995602183521,-0.398989096166199,-0.247895523182966,-0.231739518872855,-0.225791308640821,-0.290583878364513
-0.100885236510113,-0.269670563454718,-0.309753318991518,0.0330026534957133,-0.0867624190071312,-0.414413122616802,-0.459236091692518,-0.0741064399311561,-0.271364784833792,-0.237918183829303,-0.240968889217606
-0.353785824671757,-0.325895601554776,-0.216574780435374,-0.449713913397529,-0.458439164184268,-0.111969471213286,-0.235668927570753,-0.033762545604843,-0.0908975409464836,-0.18617684969178,-0.13524723010083
-0.40024519789634,-0.331199850432141,-0.136625293649547,0.981732791887969,0.654268091689786,0.291725157283471,-0.169614992716596,-0.413926165218178,-0.199651667632749,-0.231652631648587,-0.0814590175677338
-0.144920642436022,-0.216362862237209,0.135433031887836,0.620948091372604,0.565994864710216,0.0385977145503696,-0.266155359041903,0.313815620898777,-0.133968482208371,-0.167178078563158,-0.0837774750045052
-0.269754958317728,-0.379866333881956,-0.209672666468252,-0.297382595402153,0.00847974694451017,-0.366842620447995,-0.521588102725179,-0.538061224683756,-0.315943209039845,-0.265830208221459,-0.335098261150524
-0.339646015429492,-0.247923143057525,-0.214274075779667,0.0430244507322513,0.689112786550143,-0.549923589804091,-0.181228871372272,-0.781676278884954,-0.289454580163785,-0.215483464730611,-0.318127152713358
-0.442664625623133,-0.335443249534032,-0.192992557714375,-0.43668557699003,-0.212203320504415,-0.159976400007494,-0.440363538877045,-0.564439924820192,-0.161964594028598,-0.227408225332619,-0.321697577165986
0.00778929738043394,-0.327486876217986,-0.195293262370082,-0.421318821227338,-0.397809395127248,-0.216711861309741,-0.417135781565692,-0.235482017236408,-0.174885876407164,-0.223568048189599,-0.113917421682533
-0.169968304522319,-0.223788810665519,-0.267017730011756,-0.20484800091812,-0.455419290629704,-0.314907852025169,-0.45560675461262,-0.0166939749283259,-0.185653611722636,-0.178698609992216,-0.138956761999664
-0.201075884855301,-0.338360586416582,-0.240157003156374,-0.431674678371761,-0.0565636834614888,-0.431651974320176,-0.434556599549207,0.0546836842643818,-0.209342629416674,-0.242364704731747,-0.327261875014237
-0.399033214247003,-0.309717642478816,-0.210247842632179,-0.299386954849461,-0.247048015364772,-0.17961559815058,-0.414232311901774,0.141578225890287,-0.254244085682192,-0.139286265629649,0.272337587283581
-0.100885236510113,-0.26197940258254,-0.284848191093487,-0.500491019395988,-0.15180584941313,-0.343275582676292,-0.353259448959474,-0.247895523182966,-0.250906087734395,-0.228620912851467,-0.327354613311708
1.83384466238144,2.10477644649729,-0.22462724673035,-0.368871415689457,-0.419413105940669,-0.356368381438349,0.318167910821801,1.46206492095538,-0.313681984623596,-0.204771391647452,-0.288729112415096
1.29653191117539,1.38339859917579,-0.195293262370082,-0.426997839661377,-0.0728245410629886,-0.530720818286408,-0.397537361334239,-0.88827726120102,-0.300222315479256,-0.247821798566564,-0.309363383602362
-0.342877971827724,-0.382889755742053,-0.219450661255008,-0.475102466396759,-0.573426657223445,0.749973113955465,-0.100657588198519,0.697082616998751,-0.315943209039845,-0.244992194355918,-0.335098261150524
-0.449128538419597,-0.374588606248978,-0.214849251943594,-0.461071950265605,-0.388749774463555,-0.50824484707821,-0.348904244463595,0.130716408187049,-0.211496176479768,-0.196282579015515,0.0372460031949615
2.69435305341068,3.05688911998414,1.15119413738259,0.968370395572585,-0.388749774463555,1.14493920994418,2.36511402388471,-0.842502458023088,3.26971265101228,3.58952574024212,4.91852629057345
3.39730357002611,3.73583297628674,-0.282892592136136,-0.311747171441191,-0.0612096427762031,-0.50148023438448,-0.0542020735758143,-0.57530174252343,-0.314543403448834,-0.197091037361413,-0.326937290973089
1.46620962208257,1.69369715850158,0.662294398044799,0.540773713480301,-0.319060384742842,0.2982715566645,0.550445483935323,-0.951586141528465,-0.0639782026578039,-0.0263042117902906,0.360438969880894
-0.442664625623133,-0.351090783722256,-0.265234683903583,-0.433010918003299,0.00847974694451017,-0.453909732215673,-0.30680393433677,0.903457153360276,-0.0069092054858031,-0.145147588637415,-0.071721496333294
-0.184512108314362,-0.319795715345808,-0.263854261110158,-0.134027300446585,0.405709268352576,-0.393901071222912,-0.449073947868802,0.608636387129527,-0.231739518872855,-0.238928756761677,-0.301016936829985
-0.311366396944963,-0.380264152547758,-0.0451722835851834,-0.315421830427921,0.503274413961574,-0.395428564411819,-0.486093186083769,-0.3999609710283,-0.315943209039845,-0.242566819318221,-0.330971406913071
-0.0608897760819933,-0.202041390268326,-0.237281122336739,-0.247607669127348,-0.499788202085225,1.07074668362586,0.187511775945445,-0.0989334518242718,-0.11889365276671,-0.200324870745009,-0.199700346843075
-0.435392723727111,-0.360664952945898,-0.167684806501595,-0.465080669160221,-0.583647767715817,2.69207159699392,1.04403532680156,2.61031422101198,-0.131814935145277,-0.204771391647452,-0.222421229723434
-0.366309655714905,-0.377771155575397,-0.0664538016504756,0.524070718086071,1.36509986684106,-0.418995602183521,-0.502788136651304,-0.534957848197117,-0.184576838191089,0.28495225138075,-0.32976580904595
-0.311366396944963,-0.38241237334309,-0.161933044862327,-0.384906291267917,0.37783351246429,0.173889968424958,-0.291560718601195,0.12140627872713,-0.314974112861453,0.291015688974991,-0.335098261150524
-0.254807159975906,-0.311574129585894,-0.126847298862791,-0.32845016683542,-0.367842957547341,-0.299632920136102,-0.367776797279069,-0.550474730630314,-0.195344573506561,-0.233875892099809,-0.295823592171617
-0.376813514009159,-0.382889755742053,-0.183789739091546,-0.249612028574656,0.0317095435180813,-0.477694983300077,-0.515853750138939,0.12140627872713,-0.300976056951339,-0.209622141722845,-0.335098261150524
-0.338434031780155,-0.26197940258254,-0.250510174107056,-0.445037074687145,-0.490031687524325,-0.51740980621165,0.368978629940384,-0.538061224683756,-0.302698894601815,-0.246406996461241,-0.314139405922111
-0.44387660927247,-0.344725685069419,-0.12167071338745,-0.185472526260813,0.935348630229996,-0.170887065642542,-0.346726642215656,-0.578405119010069,-0.0887439938833892,-0.21285597510644,-0.318729951646918
-0.285914740308887,-0.30467860604532,-0.295086326811384,-0.473732820774432,-0.2726007915957,0.20880409845711,0.0394348230855742,2.1867033305857,0.0232404533975181,-0.115840973598583,-0.23169505947052
-0.248343247179442,-0.321652202452885,-0.195293262370082,-0.461740070081375,-0.0914083783218454,0.307000089172538,0.0866162051242584,1.81274646394564,-0.281701810736645,-0.247417569393614,0.0919615987027663
-0.250363219928337,-0.326426026442513,-0.223476894402496,-0.4243253603983,-0.114638174895416,-0.336729183295264,-0.309707404000689,0.036063425344545,-0.232600937698093,-0.233875892099809,-0.26090762317384
-0.408729083441698,-0.322182627340622,-0.181489034435838,-0.425661600029838,-0.450541033349254,-0.354186248311339,-0.434556599549207,-0.10669189304087,0.631617498721678,0.0707107897175662,0.462451097098835
-0.45963239671385,-0.345786534844892,-0.101539547650011,-0.388246890346763,-0.2888616491972,1.36097038951812,0.376237304100181,-0.33944512953883,-0.164118141091692,-0.179709182924589,0.054866279714424
1.98332264579967,2.24268691730876,0.932627195090401,0.724506662816829,-0.393395733778269,0.2982715566645,1.56665986630698,-0.959453200922096,0.00816562395585752,0.1495354784427,0.508820245834263
-0.403881148844351,-0.382889755742053,-0.155030930895205,-0.413301383438108,0.119982770497651,0.701966185161256,-0.0687194218954094,1.08034961309873,-0.315943209039845,-0.268013045755386,-0.329951285640892
-0.138456729639558,-0.334382399758559,-0.220601013582862,-0.452052332752721,-0.597817943625695,0.372464082982822,-0.00919829378506938,1.7149901046165,-0.196421347038108,-0.22316381901665,-0.299208540029303
-0.151384555232486,-0.229623484430619,-0.284330532545953,-0.495012436906681,-0.339967201659056,-0.168704932515532,-0.348904244463595,-0.229275264263129,-0.129661388082182,-0.201739672850332,-0.306813080421913
-0.362673704766894,-0.382889755742053,-0.107291309289279,-0.353504659926765,0.161796404330079,-0.443217279893327,-0.521588102725179,-0.592370313199947,-0.315943209039845,-0.27086286142468,-0.327261875014237
-0.369945606662916,-0.317408803350994,-0.241307355484227,0.524070718086071,1.05149761309785,0.147704370900844,-0.0396847252562192,1.33482648500316,-0.240676739184697,-0.236705496310455,0.263063757536495
-0.361461721117557,-0.381218917345683,-0.239581826992447,-0.0605341207119738,0.0874610552946519,-0.436889093824999,-0.521007408792396,-0.173414487503619,-0.315943209039845,-0.27086286142468,-0.334217247324551
1.59548787801184,1.55048243881275,-0.239581826992447,-0.288028917981384,-0.0774705003777028,-0.438198373701205,-0.369954399527008,1.66688776907358,-0.0618246555947095,-0.175262662022146,-0.277136825231239
0.10474798932739,-0.237845070190533,-0.0877353197157677,-0.269655623047731,1.34883900923956,0.551398999397601,0.0510487017412504,0.036063425344545,-0.0779762585679173,-0.187591651797102,-0.245142112603794
-0.0528098850864136,0.0414236332026833,2.56037573900329,2.38812500408212,-0.0565636834614888,1.08602161551493,2.64094364195702,-0.961082473577582,-0.227432424746667,-0.203558704128604,2.08537130283881
-0.163908386275634,-0.256409941261308,-0.119945184895669,-0.147389696761969,0.949286508174139,-0.197072663166656,-0.363421592783191,-0.480648759680926,-0.3046370869586,-0.242566819318221,-0.00726837959104924
-0.458824407614292,-0.344460472625551,-0.237856298500666,-0.439358056253107,-0.588990620927738,-0.197072663166656,-0.279946839945519,0.0639938137243002,-0.192114252911919,-0.205377735406876,0.00200545015603633
-0.306114467797837,-0.323243477116094,-0.125121770371011,-0.134027300446585,0.0944299942667232,-0.434270534072588,-0.369954399527008,0.1819221202166,-0.274272073368969,-0.224578621121973,-0.147766900259396
-0.35257384102242,-0.318469653126467,-0.0796828534207923,-0.0171063326869762,0.642653193403001,-0.358550514565358,-0.402618433246097,1.17345090769791,-0.174885876407164,-0.20295236036918,-0.211756325514286
-0.363885688416231,-0.343930047737814,-0.246483940959568,-0.23324309308831,0.0200946452312957,-0.253808124468903,-0.369954399527008,-0.195138122910095,-0.270395688655399,-0.243577392250595,0.00478759908016198
0.0522286978561222,-0.252962179491021,-0.267880494257646,-0.407288305096185,-0.291184628854557,-0.428815201255064,-0.459236091692518,-0.534957848197117,-0.281701810736645,-0.225387079467872,0.230605353421696
-0.452764489367608,-0.352682058385465,-0.288701871391797,-0.501493199119642,-0.556468905724739,0.00150145139120822,-0.113723201686154,0.552775610370016,0.00170498276657439,-0.195676235256091,-0.296565498551384
0.484502866119635,0.460459294514442,0.806088439026502,0.747890856368751,-0.508615524783182,0.2524467609973,1.26179555159548,-0.951430972704133,0.65746006347881,0.76598496719054,1.87671013352938
0.133027607811919,-0.13653391663288,-0.220601013582862,-0.450047973305414,-0.588990620927738,-0.17961559815058,-0.328579956816162,0.036063425344545,-0.230878100047618,-0.218919412700681,-0.241896272192314
-0.175624228219225,-0.300965631831165,-0.264774542972441,-0.501493199119642,-0.298153567826628,-0.125062269975343,-0.324224752320284,-0.299101235212517,0.0813862241010661,-0.147370849088637,-0.263689772097965
-0.261271072772369,-0.249249205276866,-0.146403288436303,0.661035280318755,0.282591346512649,0.267721692886367,-0.198649689355786,-0.151690852097143,-0.146889764586937,-0.197697381120838,-0.183471144785675
-0.378025497658496,-0.311574129585894,-0.2407321793203,-0.436351517082145,-0.498626712256546,-0.476822130049273,-0.478108644507992,-0.0166939749283259,0.165374559561747,-0.115840973598583,-0.274354676307114
-0.363885688416231,-0.321652202452885,-0.256261935746324,0.073089842441865,0.324404980345077,-0.358550514565358,-0.421490986061571,-0.373582270891865,-0.0844368997572005,-0.215483464730611,-0.291047569851868
-0.274198898365297,-0.333056337539218,-0.258505122785639,-0.488565080684508,-0.471680148231204,0.00150145139120822,-0.291560718601195,-0.628059142796301,-0.0209072613959165,-0.192038172699546,-0.294617994304496
-0.111389094804366,-0.263305464801881,-0.222901718238569,-0.453054512476375,0.106044892553509,-0.497115968130461,-0.427297925389409,-0.962339341054671,-0.260489372165165,-0.207196766685149,-0.00124039025544363
-0.201075884855301,-0.315552316243917,-0.237856298500666,-0.38290193182061,0.533473149507217,-0.488169222309723,-0.464317163604377,-0.861743392240253,-0.294407738408902,-0.243173163077645,0.0877883753165778
-0.348129900974851,-0.352947270829333,-0.209672666468252,-0.394259968688686,-0.321383364400199,-0.463729331287216,-0.500610534403364,-0.0585895574979587,-0.203958761758938,-0.228216683678518,-0.307647725099151
-0.154616511630718,-0.207080426701822,-0.269145881818285,-0.397266507859647,0.0990759535814374,0.186982767187015,-0.298819392760992,-0.345651882512109,-0.298822509888245,-0.221749016911327,-0.109744198296345
-0.160676429877402,-0.25747079103678,-0.309753318991518,0.477302330982227,-0.133222012154273,0.147704370900844,-0.209537700595482,-0.268067470346123,-0.0822833526941061,-0.223568048189599,-0.3043091463902
-0.206327814002428,-0.321652202452885,-0.234405241517105,-0.407288305096185,0.0944299942667232,0.186982767187015,-0.0447657971680775,0.161750173053443,-0.230878100047618,-0.23993932969405,-0.0132963689266548
-0.449128538419597,-0.344725685069419,0.0646863637248381,-0.291703576968115,0.0363555028327955,-0.0945124061972095,-0.33583863097596,-0.350306947242069,-0.17273232934407,-0.223568048189599,-0.11577218763195
-0.422060903584405,-0.372175173009778,-0.0704800347979632,-0.223221295851772,0.0874610552946519,-0.0290484123869247,-0.118078406182033,1.78791945205252,-0.243799382426184,-0.227812454505568,-0.056883368737957
-0.30086253865071,-0.300965631831165,-0.0900360243714749,0.316953575197621,0.979485243719781,-0.421832375248634,-0.469398235516235,-0.261860717372844,-0.195344573506561,-0.240949902626424,-0.308528738925124
-0.31661832609209,-0.353477695717069,0.148086907494226,-0.202175521655043,-0.0867624190071312,-0.410048856362783,-0.475205174844073,-0.409271100488218,0.372115077618806,-0.0707694208147249,-0.263226080610611
-0.492234756881014,-0.378381144196294,-0.256837111910251,-0.368871415689457,0.533473149507217,-0.103240938705248,-0.377213073686806,-0.345651882512109,-0.0499801467476905,0.747794654407817,-0.296982820890002
0.205746626772136,0.394156183547392,1.17420118393966,1.72334578739177,0.0131257062592245,0.571038197540686,1.10210472007994,-0.942120843244215,0.295664156878956,0.4203690243188,0.532004820201977
0.221906408763295,-0.237845070190533,-0.221751365910715,-0.235581512443503,0.0131257062592245,-0.483150316117601,-0.451977417532721,0.903457153360276,-0.00367888489116154,-0.207803110444573,-0.274354676307114
-0.160676429877402,-0.207080426701822,-0.203345728665057,-0.441696475608299,-0.593404282276716,-0.0770553411811336,-0.222603314083118,-0.305307988185796,-0.246706670961361,-0.235897037964556,-0.191817591558052
-0.184512108314362,-0.329608575768931,-0.267017730011756,-0.397266507859647,0.308144122743577,-0.455000798779178,-0.459236091692518,-0.640472648742859,-0.213649723542863,-0.224982850294922,-0.287801729440388
-0.443472614722691,-0.349499509059046,-0.254536407254544,0.681078874791831,0.993423121663924,-0.439507653577411,-0.560422009480096,-0.129967216690666,-0.113509785108974,-0.175262662022146,-0.223812304185497
-0.419636936285731,-0.349234296615178,-0.169985511157302,-0.38724471062311,0.0990759535814374,-0.434270534072588,-0.232765457906834,-0.309963052915756,0.143839088930803,-0.129382650892388,0.666475351534717
-0.160676429877402,-0.278687786546237,-0.276450619100156,-0.501459793128853,-0.219172259476486,-0.153430000626466,-0.316966078160486,-0.589266936713308,-0.179192970533353,-0.201133329090907,0.0237989500616874
-0.154616511630718,-0.263305464801881,0.0198226229385466,0.681078874791831,0.814553688047427,-0.297450787009093,-0.386649350094543,-0.247895523182966,0.0264707739921596,-0.0725884520929972,-0.0619839750988541
0.133027607811919,-0.188515555631048,-0.128572827354572,-0.322103028585613,-0.307445486456056,0.121518773376731,-0.232765457906834,0.360366268198369,-0.185653611722636,-0.194261433150768,-0.071721496333294
0.00374935188264411,-0.127516693541361,-0.249359821779203,-0.448043613858106,-0.528360851870717,-0.392155364721305,-0.324224752320284,-0.373582270891865,-0.230878100047618,-0.238120298415778,-0.215929548900475
-0.219255639595355,-0.267548863903772,-0.214274075779667,-0.196830563128889,-0.432189494056133,-0.368806540262303,-0.442541141124984,0.0546836842643818,0.107228788858199,-0.130595338411237,-0.0276708050346375
-0.274198898365297,-0.258796853256121,-0.271964245021526,-0.4926406115607,-0.428705024570098,-0.460674344909403,-0.510046810811101,-0.711850307935566,0.063081074064764,-0.133020713448933,-0.239114123268188
-0.378025497658496,-0.31793922823873,-0.236705946172813,-0.176786968655814,-0.374811896519413,-0.397174270913427,-0.397537361334239,-0.583060183740029,-0.166271688154787,-0.234886465032183,-0.286410654978325
-0.427312832731532,-0.342073560630737,-0.153880578567351,-0.358849618452919,-0.388749774463555,0.363735550474784,-0.12606294775781,0.130716408187049,-0.263935047466116,-0.229833600370315,-0.218248006337246
-0.437816691025785,-0.306800305596266,-0.0704800347979632,-0.225893775114849,0.577609762997002,-0.175251331896561,-0.0302484488484824,6.65401378310321,-0.146889764586937,-0.217100381422409,-0.276673133743885
0.625900958542279,0.91662469796775,-0.288701871391797,-0.465080669160221,-0.267954832280986,0.645230723859009,2.1110604282918,-0.952517154474457,1.69762329495339,1.95846102739128,4.42237639910437
-0.399033214247003,-0.339156223748187,-0.220601013582862,-0.401943346570032,-0.219172259476486,-0.323636384533207,-0.405521902910016,-0.0415209868214417,-0.267811432179686,-0.250045059017785,-0.311218149551779
-0.254807159975906,-0.32536517666704,-0.291462716978645,-0.488130802804258,-0.590616706687888,-0.303997186390121,-0.422942720893531,-0.628059142796301,-0.15335040577622,-0.211239058414643,-0.275745750769177
-0.354997808321094,-0.267548863903772,-0.12167071338745,-0.0137657336081302,0.907472874341711,-0.181797731277589,-0.379390675934745,-0.679264854825852,-0.301406766363958,-0.235290694205132,-0.0276708050346375
-0.427312832731532,-0.332525912651482,-0.0428715789294762,-0.251950447929848,0.840106464278355,-0.290904387628064,-0.449073947868802,-0.350306947242069,-0.11889365276671,-0.208409454203997,-0.203409878741909
-0.254807159975906,-0.303087331382111,-0.304634251132569,-0.501493199119642,0.0433244418048668,0.529577668127506,0.00604492195050546,-0.136173969663945,-0.245952929489278,-0.234886465032183,-0.291511261339222
-0.393377290550097,-0.382889755742053,-0.187240796075107,-0.337803844256189,-0.321383364400199,-0.168704932515532,-0.45415501978066,-0.424787982921416,-0.315943209039845,-0.130595338411237,-0.333892663283403
1.6520471149809,1.93238835798296,-0.243608060139934,-0.452386392660606,-0.221495239133843,1.19294613873839,2.79337579931277,-0.957544624382813,1.01925597007866,1.22882737021761,0.963237903441456
-0.236627405235851,-0.308922005147212,-0.247059117123495,-0.157411493998507,0.0363555028327955,-0.284357988247036,-0.430201395053328,-0.448063306571212,-0.183500064659542,-0.205377735406876,-0.258589165737068
0.209786572269926,-0.288765859413228,-0.307912755266952,-0.485191075614873,-0.15180584941313,-0.323636384533207,-0.346726642215656,-0.57530174252343,-0.143659443992296,-0.2059840791663,-0.203409878741909
-0.0568498305842035,-0.295396170509933,-0.234405241517105,-0.400273047030609,-0.040302825859989,-0.421832375248634,-0.469398235516235,-0.187379681693497,-0.135045255739918,-0.213866548038814,-0.285483272003616
-0.184512108314362,-0.284257247867469,-0.248209469451349,-0.00708453545043829,-0.119284134210131,-0.199254796293665,-0.353259448959474,-0.527199406980518,-0.0639782026578039,-0.180517641270488,-0.179297921399487
-0.339646015429492,-0.378566792907001,-0.168835158829449,-0.167433291235045,-0.279569730567771,-0.390409658219697,-0.493351860243567,-0.57219836603679,-0.315943209039845,0.103049123553519,-0.335098261150524
2.0075623187864,2.17373168190303,-0.153880578567351,-0.199503042391966,0.226839834736078,-0.494715621690751,-0.447622213036842,-0.832881990914506,-0.302914249308124,-0.240545673453474,-0.321883053760927
-0.488235210838203,-0.381696299744646,-0.184940091419399,-0.431006558555992,-0.363196998232627,0.529577668127506,-0.0738004938072677,0.385193280091485,-0.315943209039845,-0.27086286142468,-0.335051892001789
