-0.31244,0.42446,1.4651,-0.81297,-0.58625,0.008773,-0.67355,1.5929,-1.5175,1.0249,-0.54387,0.32639,-1.834,0.68267,2.2188,0.63642,0.21842,-0.042924,-0.50929,-2.3337,-0.8403,-0.43745,0.12235,-0.43642,1.6931,-1.2834,1.3961,-0.97219,0.67483,3.0943,0.64808,1.4557,2.1599,1.1972,0.2737,0.42594,1.0466,-0.14368,-2.1929,-0.6938,0.23565,-0.54702,-1.6081,2.2119,0.044869,-0.41069,1.0818,-1.1991,-0.39708,-0.34608
-0.78241,0.25458,0.24976,0.089317,-0.90964,0.46634,-0.73385,1.6118,0.76577,0.15016,-0.8866,0.41802,-0.32798,0.12202,0.91768,0.64176,0.37354,0.24473,0.020687,-2.2979,1.0588,0.021368,1.3534,-0.51648,-1.948,0.8986,1.5131,0.68769,-0.71232,-0.36885,-0.55407,1.6664,-0.36514,-1.9074,0.65488,-0.83694,-3.6098,-1.5946,1.9735,-0.71489,-1.2188,-1.0033,-2.4515,1.6594,0.40875,0.79553,0.96299,0.91263,0.41973,-0.11748
0.96612,-0.77507,0.27862,-1.7141,1.0243,1.3845,-0.79345,0.25517,-0.88412,-1.5245,-0.21691,2.2512,2.7853,-0.32204,0.28296,0.7389,-1.5502,1.0227,-0.060071,-1.4818,-0.45945,-0.43238,1.5912,0.23676,-0.57339,-1.1458,0.69512,1.7053,0.90845,-2.6017,-1.3983,0.52771,0.67582,-1.6869,1.0772,0.37375,-3.3326,-2.1412,-0.073597,-0.14688,-0.23651,-1.1875,-1.736,0.31861,-1.912,-0.44511,-1.3957,3.3492,-0.80778,-0.20354
-0.067889,0.96096,0.75845,-0.95848,-1.0485,0.65568,-1.3026,-0.064357,-0.7179,-1.1541,-2.9874,0.62015,-0.23923,-0.24608,0.9989,0.061105,0.39876,-0.86721,-1.0181,-1.5972,1.4247,-0.075999,0.66106,-0.27947,0.87423,0.56157,1.8904,1.3299,1.1182,-1.8694,0.038028,0.91037,0.073285,-0.15843,-0.39886,0.13532,-2.4063,-1.733,-0.54077,-0.10043,1.288,1.3856,-1.1842,-1.088,-1.6713,-0.52545,1.9678,-0.050568,0.34883,0.74355
0.80974,3.0466,0.5542,0.29899,-0.71559,0.95241,-0.37378,0.63284,-0.59095,-0.60735,0.21386,0.80999,-0.49997,-1.4382,0.54175,2.5186,2.2001,-0.45981,0.46979,0.56144,-0.61946,2.0134,-1.1179,1.2179,-2.1871,0.63204,0.95597,0.45021,0.048107,1.5057,1.0856,0.56774,1.6875,0.6597,0.64037,-1.1183,2.2281,0.58696,0.63116,0.50589,1.6997,-1.8275,2.8687,-0.3381,0.82672,2.978,-0.2329,-0.98734,1.3651,-1.0535
-1.0909,-0.72603,-0.67272,3.2393,-0.056149,-1.028,-0.029755,1.8465,0.34613,1.2161,2.2942,0.72436,-1.2796,1.2685,-1.2854,-1.0519,-0.58097,0.3698,-0.71643,-1.1527,-1.5289,-1.3256,3.4876,-0.60947,-0.93316,-0.83155,1.1423,-0.065179,1.8414,0.23433,-1.2786,-0.44042,-1.0389,0.63456,-0.24672,1.1028,2.2137,0.3606,1.0245,0.44629,-1.7542,-3.25,0.18731,-0.668,1.3376,-2.0181,0.14793,-1.664,-0.73158,1.5245
-1.6735,-0.12581,0.58716,0.22997,2.0455,-1.2299,-0.47371,-0.14052,0.72295,1.3292,0.19244,-0.83438,0.97876,0.663,-0.84043,1.1502,1.2949,0.70355,-0.38808,-2.6847,-0.65954,0.050824,-2.0028,0.32306,0.98912,-0.18265,0.23157,1.3308,0.56961,1.0768,0.037306,-0.34326,0.21624,0.01658,1.2652,-0.65137,1.4357,-0.28568,1.4498,-1.1606,-0.38099,0.38302,-2.272,1.4055,-1.5525,-1.3035,-1.434,0.090529,0.41913,0.16947
0.75813,-0.65722,-2.767,-0.95115,-0.49133,-0.60253,0.60333,-1.3198,0.55765,1.8391,1.4,-0.66726,-0.67297,0.64812,1.4131,-0.904,1.6941,0.46626,1.9319,-0.869,1.2983,0.67987,2.5082,-0.25743,-1.6123,-0.030575,0.72001,-2.5522,0.82908,0.70474,-0.223,0.95522,-0.11163,-2.6114,1.3305,1.5968,-0.49178,0.98301,-0.54653,0.6997,-1.2603,-2.0514,-1.5231,-1.7007,-1.125,-1.578,-1.1554,0.81788,-1.1509,-0.82765
-1.7332,-1.7148,2.6414,1.0992,-0.25363,-1.1236,-0.05686,0.17851,0.018795,-0.95033,1.5023,0.3482,-1.0347,0.086264,-0.92536,-0.039266,-0.088643,-2.567,-0.82994,-0.26623,-1.0871,1.9627,1.2362,1.8185,0.33401,0.20786,-0.053626,-2.719,-2.5353,-0.034999,0.79777,0.68091,0.22454,1.7738,-1.2095,-1.3479,0.88394,1.1242,-1.658,0.5707,2.0799,2.4359,0.49258,0.14984,1.868,-2.0988,0.85542,-0.28737,-0.5299,-0.61651
-1.3389,1.1475,-0.8821,0.47322,0.51714,-0.43649,1.0515,-0.34312,-0.12421,-0.4811,-0.26066,-2.4552,-0.32018,0.39619,-0.33445,-0.66201,-0.072419,0.67273,0.37495,0.66511,-1.277,-0.80843,-1.1854,0.31152,1.3372,-1.1957,0.24075,-1.6528,0.38091,1.1267,0.75071,1.2199,-0.2781,1.0511,0.13835,0.67582,-0.26441,-0.74502,-0.65051,-2.2685,-0.3175,0.95002,0.62117,-1.2932,0.75775,-0.82646,0.21548,0.039344,1.8656,-1.2611
-1.8044,2.5513,-2.4296,-2.0997,1.4113,-0.30364,0.77293,-0.8856,-0.46097,-0.95977,0.051974,-0.11396,0.28916,-1.4552,-0.078013,-1.6134,-0.3021,0.58676,-1.4491,-0.081041,-1.1708,-1.0078,0.78236,0.38945,-1.3233,0.40802,-1.2144,-2.1123,0.27314,0.92093,-1.1273,1.3999,0.8372,-0.71407,0.48329,-0.1134,2.7979,-1.1138,0.21049,-0.73476,-1.3526,0.64639,0.16272,-2.8069,-0.29275,1.2121,0.0049175,0.42583,0.40305,-1.9299
-1.08,-0.81569,-1.4974,-0.018621,1.6184,-0.78392,-0.0053563,-0.12483,-1.9083,-0.096537,0.1123,-0.65285,-0.28163,-1.1492,0.91826,1.0068,0.12059,1.0638,-1.3609,0.76507,-0.24515,-1.5936,0.15753,-1.1844,-0.51941,1.166,1.0467,-0.46017,0.28198,-1.9965,-0.64778,0.66325,-0.11411,-0.28857,0.5636,-0.17706,-1.6412,-1.2053,-1.0765,-0.37578,1.0386,-0.55566,-1.5652,1.2538,1.2701,-0.25043,-0.19042,-2.0909,1.0154,-1.5054
1.5987,2.1354,0.58266,0.47313,0.27983,1.9881,-1.0289,1.2804,1.1499,0.49057,1.9001,-1.5386,-1.1004,-1.3239,0.9734,-0.77862,0.39245,-0.50508,1.1169,-1.0138,-1.2427,-0.93671,-0.30483,-2.0875,-0.086287,0.3334,-0.62233,-1.9874,0.66497,-2.5874,0.96515,-0.86758,0.83041,0.048199,-0.66238,-0.51847,0.12682,-0.94162,2.856,0.022659,-0.097938,-1.8073,-1.4071,0.43559,0.99133,0.23763,0.085936,-0.82663,0.24577,2.0131
1.7198,0.51823,-0.77902,-2.006,0.7735,0.30127,-0.26537,-0.1463,-1.0092,2.4885,0.66282,0.62068,-0.42545,0.55834,-1.9964,-0.043121,0.097565,0.44659,0.057151,0.77017,0.9391,0.14311,0.50523,0.26809,0.62092,0.034601,-0.069085,-0.043864,-1.6935,0.19333,0.51866,1.4653,-1.259,1.568,-0.092674,0.84322,-2.0252,0.67083,-1.2035,-0.25275,0.73819,1.1151,-0.71454,1.0871,-3.1694,-0.36633,2.1935,-1.9041,-0.4136,1.1246
0.29099,-3.2287,0.15872,0.19782,-0.74668,-1.4529,0.2533,1.0879,-0.26112,-1.4791,-0.23648,1.7453,0.17018,-0.62737,0.75199,1.8777,0.45029,1.2052,-0.16925,1.8046,-0.58483,-0.839,1.201,0.36346,-2.4341,0.72471,-0.26422,0.6191,1.2711,-0.0055681,1.8324,-1.4122,-0.70974,-0.17444,-0.018301,-1.7266,-0.58432,-0.28098,0.34661,-0.21539,-0.63687,-0.52927,1.1721,0.37243,-1.2432,0.47823,0.039197,-1.1592,-0.89806,0.93798
1.3152,-0.92682,-0.08084,0.3941,0.32673,0.49457,-1.3463,0.67029,-0.48469,-0.24984,-2.7725,1.2163,0.97689,1.0949,0.10574,-0.0063267,-0.63502,-0.73102,-1.0531,1.6421,-0.30438,-1.0105,-1.4184,0.55857,-1.1012,0.6042,-0.16912,-1.4886,0.99113,-0.12076,1.8665,-0.88669,-0.64623,0.36937,-1.0324,-0.69212,0.28403,1.273,-1.5083,-1.8397,0.91785,-0.0076238,-1.2683,-1.0228,1.5182,0.17921,-0.86281,-0.35471,2.1231,1.0233
-0.6548,1.362,2.529,-1.852,0.43823,-0.74232,0.051085,0.5795,0.12166,-0.79104,0.30299,1.1434,0.43633,-0.12185,0.9077,1.353,0.35995,0.085907,0.3967,0.66129,0.55677,-0.080949,1.2242,2.4746,-1.377,-1.0501,-0.72361,0.97474,0.96235,0.36256,-0.39761,1.5828,-1.2368,1.9893,-1.1997,0.38287,-1.2405,-0.9991,-1.0256,-0.19633,0.52652,2.4505,-2.8888,0.66659,-1.0164,-1.6726,-0.72623,-1.5866,-1.0996,0.33089
-0.23873,-0.18835,1.0076,-2.0701,-1.8215,2.0935,-1.5077,1.4486,-0.83917,2.0108,1.1698,1.9479,-0.2915,-1.8478,-1.8103,-0.97915,0.42443,0.65568,-1.3207,-0.3133,0.33886,1.1492,0.9674,0.11726,0.38235,0.5432,-1.0268,1.2312,1.3281,2.5224,0.4057,-0.44778,2.4352,-0.57361,1.3414,0.33464,0.30428,-0.80899,-0.04243,-0.9919,0.182,1.5477,-0.31847,1.8034,-0.2847,-1.6165,0.23028,-0.75051,1.593,-1.0785
-1.3536,0.20314,2.1403,0.32065,0.50827,0.19707,-0.39853,-0.10044,0.4198,-0.85165,-0.96456,0.10469,-0.43705,0.70375,-0.31728,1.4305,-0.36922,-0.33947,0.27253,-0.44294,-0.56375,-0.80206,-2.6813,0.11381,0.35872,-0.079584,0.35584,-0.74842,1.7535,-1.0025,-1.7966,1.5306,0.64451,0.40381,0.38015,-0.35359,0.010478,-0.29203,-1.5641,-1.0057,-2.4259,-0.91967,-0.065528,-0.36836,-1.3586,-0.052161,-1.3506,0.84412,-0.024604,0.54406
0.06788,1.5668,-0.81575,-0.18838,1.2986,-0.74975,1.1646,-0.43835,0.40807,-0.20901,0.12881,-0.7459,-0.65164,0.47958,-0.10984,-0.22101,-1.0186,-0.17132,-0.33526,-0.73823,0.05472,-1.3654,-0.52087,1.0851,0.80573,-0.98699,-1.1166,-1.5156,-0.12821,2.7178,0.64769,-0.64505,-0.55153,-0.67706,0.68306,-0.35324,-1.0479,0.94242,-0.52249,0.8099,1.7589,-1.5142,-1.0397,0.061268,-0.2216,0.014695,0.78788,0.0095233,0.71977,0.62984
-0.096129,-0.17536,3.1367,0.39867,0.36242,0.017938,0.082408,0.13673,2.6694,0.3767,-1.0374,1.8096,-1.0512,-0.17851,-1.8039,-0.61162,-0.92193,2.0337,-1.2398,-1.0888,0.5225,0.065097,-1.7955,1.7824,1.0896,-0.15525,0.62614,0.28516,-0.48717,0.67209,0.90308,1.1194,-0.82232,0.89064,-0.55163,-1.5903,-1.7597,0.61567,0.77609,0.41209,0.40656,2.2111,-0.86499,-0.70256,-0.013382,-0.71614,1.497,0.34859,0.36124,-0.4261
0.0068803,0.046694,2.2317,-0.90251,1.5824,1.7756,-0.8203,-1.5167,-0.042681,-0.44816,-0.74847,-0.31516,-0.3421,-0.45593,-0.25049,0.97973,0.088488,0.51604,-0.26513,-0.77751,-0.90296,2.2977,2.1559,0.10565,-2.6624,0.10494,0.13003,2.7795,-2.56,-0.23586,0.54648,1.0671,-0.023832,-0.76799,-0.75915,-0.40177,2.7613,-0.47705,1.8709,0.94648,-1.4623,0.92312,1.0081,-1.227,1.2739,-1.3137,-0.12508,-1.5618,-1.801,0.20366
-1.1646,0.79187,-6.2631,0.74224,1.1294,-1.0195,0.29788,-0.74541,-0.32701,1.6016,0.86919,-0.068869,-0.11029,2.0553,-1.2421,-1.391,0.87628,1.6715,-0.54165,-0.14181,-0.79696,0.38019,-1.6271,1.8178,-0.061672,0.089561,1.2298,-0.040224,0.75173,0.18457,0.47565,-0.71504,-0.21836,-1.3764,1.0463,0.39389,0.20992,-0.89162,0.9897,0.028014,-1.7693,1.296,-0.12735,-1.0531,-0.16185,0.37581,1.1311,2.8507,-0.17377,0.32744
-1.4231,-1.1015,2.8172,-1.0189,1.3711,-1.3212,0.41649,-0.83842,-0.64571,-0.16655,-1.1629,1.6526,2.3258,-1.158,-0.62193,-0.97499,-2.8323,1.2579,-0.86582,0.9049,-0.1094,0.33614,-0.79224,-0.11925,-1.5723,0.12486,0.80798,-1.5738,-0.83823,-1.6715,2.199,0.07926,0.19185,1.037,-0.26119,-1.0229,0.5925,0.4987,-0.17364,-0.83082,1.8,-0.33914,0.68019,-0.33373,0.59579,0.006711,1.7082,0.45176,-0.74483,0.092752
1.2521,-2.176,-0.97248,0.057983,1.4964,-0.16586,-0.049137,0.81756,-0.31168,-0.58708,-0.41219,-1.6944,-1.2418,-0.26482,-2.1595,0.7697,-1.1644,2.6055,-1.4714,-0.63405,-0.37495,0.97469,-0.0082233,0.84185,0.0078266,-0.11535,-1.6477,2.3205,-1.0198,-1.8328,0.98907,0.43357,1.2757,-0.10222,1.3966,-0.662,0.21424,-0.080623,-0.21948,0.15673,-1.042,0.020892,-0.95182,0.062109,0.45905,1.2698,0.75747,0.21235,-0.16997,-0.27535
-1.0207,-0.18396,-0.087243,0.19425,-0.9006,-0.80731,-0.80537,1.4753,0.36704,-0.24339,2.2975,1.2682,0.57197,0.30282,-2.2142,-1.4878,-0.096684,1.6365,0.92395,-1.4045,1.3131,-0.40872,-1.0085,0.68359,0.17215,-0.45162,0.51155,1.1596,-1.7498,0.14393,0.13466,-1.1128,-0.048275,2.3274,-3.3418,1.304,-0.27448,-1.3342,-0.74044,1.6773,0.74782,0.3614,0.97697,-1.0717,0.9589,0.24139,0.38998,0.73693,-0.46722,-0.35129
0.25851,-0.87487,0.88406,1.0445,0.069508,0.083196,0.94491,-0.79636,-1.5732,-0.44536,-0.85855,0.81655,-0.016126,0.63986,0.10043,0.18727,-0.25775,-1.2317,0.042911,-1.0859,-0.94764,-0.11797,-0.39273,0.1596,0.74182,-0.50983,-1.0164,1.3142,-0.67599,0.87941,0.55538,0.001431,-0.026359,1.9198,-1.7376,1.3425,0.89729,-1.5738,-0.051345,-0.060797,0.24081,0.25893,2.4156,1.3547,-0.69799,0.21906,1.0688,0.10135,0.13469,-1.3751
2.5857,-0.84985,0.71087,0.58746,0.17309,0.24428,0.8562,0.90833,0.87514,-1.0515,-0.24087,1.1823,0.0037505,0.57932,-0.46222,-0.059834,0.9765,0.16471,1.195,-1.3355,0.15585,0.83271,1.3867,-1.638,-2.9126,0.5352,-0.94854,-0.5057,-0.35108,-0.39248,-1.3207,0.65254,1.4244,-0.59809,0.04627,2.1976,-0.51195,0.077515,-1.4332,-1.0126,-0.9517,-0.42027,-0.85378,-0.80501,0.77164,0.27802,-0.19966,2.435,0.6488,0.47739
1.1595,-0.47363,0.082324,-1.0593,1.0014,-1.0432,-0.84475,0.087176,-1.2154,0.9352,0.41161,0.036343,1.2516,-1.1708,-1.295,1.4707,-1.906,2.4118,0.16757,0.71701,0.655,-0.6567,-1.6888,0.22546,-0.82885,-0.19044,0.76899,-0.38563,0.010806,-0.92669,-0.12641,0.68383,0.90278,-1.5461,-0.477,-0.89963,0.18679,-0.15258,1.2548,-0.75852,1.6988,2.5891,-1.5957,-1.237,1.0094,0.7831,-0.35359,-0.16827,-1.2977,0.75324
0.57721,0.35214,-1.0701,0.73273,-0.50857,-0.17675,-0.80452,0.81465,-1.7331,-3.9141,-3.3721,-0.47893,0.32482,-0.72591,-3.536,-0.046439,1.0924,-0.16946,0.034211,-1.3601,1.4258,0.050086,-2.2672,1.4898,-0.40344,0.11999,-0.040641,-1.5013,1.9778,0.3145,-0.080873,-1.0554,-0.22823,-0.53088,0.16101,0.6265,-0.18116,-1.1706,-0.67442,1.4332,-0.63755,-0.51291,0.10276,0.073842,0.046767,-0.47635,-0.76241,-0.80647,0.09241,-0.17266
0.78225,-1.4726,1.98,0.028977,-0.13398,0.66241,-0.23489,-2.0682,-2.605,-0.19372,0.39932,-0.58098,-1.5633,-1.1621,-0.10798,0.11642,-1.5281,1.3457,-0.70767,-2.4481,-1.0705,-0.0091266,-0.92078,1.1057,0.38176,-1.0525,0.94154,0.33828,2.2798,2.5394,0.726,0.35945,-0.21475,-0.28388,1.7383,-0.12351,0.96372,-0.97285,0.18882,-0.91979,-1.0413,-1.683,-1.531,0.87041,1.154,0.6182,-1.4246,-0.060216,0.18933,-1.5284
-0.40486,0.0058011,-1.2221,1.7148,-0.56552,0.28249,-2.0219,0.63906,0.91715,1.8642,-1.1881,-0.55108,0.55638,1.3177,-0.2776,-0.10228,-0.40391,0.5046,-2.5339,0.22317,1.6292,0.1208,-0.2208,-1.6089,-1.9658,-1.3847,-1.0884,-0.60369,1.2218,-1.0617,1.7157,0.96983,0.052708,0.26434,-1.068,0.11063,1.5635,1.2575,-2.1471,0.52464,-0.79322,-1.5561,-0.76114,1.1891,-0.82381,-0.38062,0.36858,-1.7428,-0.1714,-0.18149
-1.123,0.0072099,-1.0526,-0.0096202,0.71706,-0.42022,-1.1978,0.8372,0.37817,0.38667,0.47821,1.0766,0.43496,-0.113,-0.37915,-0.48436,0.61912,-0.4455,0.082283,-0.84878,0.28405,-1.279,-1.383,0.16072,0.13479,1.0295,-0.078032,-0.9953,0.19995,-1.6517,-0.3366,2.201,0.87778,1.5337,-0.33136,0.1958,-0.53086,-0.57469,-0.28574,-0.72167,1.7039,0.31086,-1.3929,0.18206,1.7902,-1.2052,0.51755,0.034912,0.14235,0.88656
0.31506,1.5141,-0.40645,0.1702,1.1358,0.59944,0.031814,-0.93918,0.16585,0.89664,0.20514,-0.22425,-0.45406,0.58752,0.74888,-0.39335,-0.1785,1.1878,0.47126,2.7549,-0.47871,-0.34253,-1.3145,0.30764,1.0475,-0.42786,0.86432,0.55485,-0.33834,-0.25696,0.28627,1.6425,1.1666,1.6291,-0.71761,-0.24454,-1.2886,-1.5447,-1.6331,-2.6991,1.359,-1.4098,2.0101,0.76507,-1.9638,-1.7827,-1.0326,-1.6334,0.98919,-0.04455
-0.8154,0.53258,0.34034,-0.74728,1.2109,0.53012,0.17346,-0.19107,0.20523,-0.06155,-1.0597,0.82843,0.99706,0.52279,0.46249,0.2237,-0.15483,0.50788,0.62928,-0.5204,1.2972,-0.67805,-2.1405,-0.76051,-0.48936,0.28607,1.9188,0.64747,-1.1394,0.60931,0.099971,-1.4613,0.26391,1.3661,-0.74244,0.98245,0.59849,1.9059,0.66127,-1.3018,1.5926,-1.1016,-0.88192,3.0299,-1.334,2.2023,0.62733,-0.35328,-0.30083,0.25556
-2.152,-1.049,-1.9477,1.0236,0.99602,0.94631,0.54584,0.64224,-0.31453,-1.2251,0.93227,0.64057,0.94353,-1.5661,-1.0163,-1.6502,-0.4504,-0.49545,0.29412,0.74663,-0.19346,-1.6506,-0.47003,-0.080103,-0.096403,0.010665,2.5191,1.1883,-0.17347,-1.2138,0.51578,1.7215,-0.72977,1.4546,0.32627,-1.3178,-0.16206,0.52023,0.53739,0.51127,-0.47269,-0.8957,0.10156,0.31981,1.4936,0.34775,0.57247,-0.51316,0.38853,-0.67174
0.87209,-0.89031,1.0799,-0.596,-1.0962,0.26475,1.6534,-0.69478,-0.11308,2.0735,-0.46841,0.15867,0.59033,-0.13063,1.3595,-1.0369,0.91982,-0.82343,0.13957,-1.0647,-0.50352,-0.74635,-0.34323,-0.081982,-1.8891,-0.3024,0.39229,-1.0334,-1.2682,-1.6328,-1.0662,0.66118,-0.46819,-1.2303,0.75038,2.2686,-0.67821,-0.46136,0.52397,0.051834,0.31736,-0.91085,0.97728,-0.67053,0.71269,-0.24541,-0.83185,-2.464,0.12961,-0.31604
1.2415,1.1215,0.4428,-0.91986,-0.89291,-2.6254,0.65956,1.2771,-1.8395,1.2396,0.84839,-0.28778,-0.18205,-0.77169,0.22766,0.46249,-0.5669,1.5092,-1.1006,1.3869,0.081325,-0.12487,-0.016117,0.92573,0.23126,-1.2181,-0.1957,-1.2789,0.71266,-2.6348,-0.22499,-1.2741,0.64847,0.3544,1.4745,-0.63918,2.0634,2.1281,0.91515,0.33103,0.76479,2.3958,1.7924,-0.47218,1.1622,-0.96166,0.22661,0.087732,-1.0203,1.392
1.1578,1.2816,-2.6819,1.5944,-0.86524,1.5411,0.52101,1.0619,0.043857,-0.72045,-0.41354,2.3379,0.62397,1.1422,-0.63476,0.60545,1.0467,-0.29057,1.1026,0.38394,-0.86716,0.54458,2.6633,1.5025,-0.5996,-0.7672,-0.72237,-0.61344,0.12638,0.62228,-1.744,-0.56733,-0.44642,0.3384,-0.66992,0.74572,-1.0772,0.015865,0.76339,-1.5067,-1.2877,0.62039,0.062673,0.58269,-0.1226,0.55019,-1.1484,1.9263,-0.0085536,-0.76477
0.56982,-0.093801,2.7646,0.13033,0.73224,0.01735,0.96872,-0.046527,1.3296,1.4893,-2.0336,-0.13836,-1.2414,0.18794,-0.68503,-0.16968,0.67564,0.37449,0.50118,0.33288,0.057341,-1.5137,0.472,-1.7262,1.1224,0.25717,0.91876,-0.66581,0.62434,1.1217,0.80594,-1.5929,-1.926,1.3565,-1.9564,2.2326,1.4578,-0.29864,1.6417,0.2624,1.9211,-0.55584,0.55374,-1.2583,1.0539,-0.20212,-0.2988,-0.82055,0.81749,-1.7336
-0.80428,0.48644,-4.2762,-0.57006,-0.093234,-1.5486,-0.49439,-0.34574,0.95431,0.17742,0.02319,-0.41998,-0.99333,-0.51392,0.99012,-1.3235,0.49777,1.4254,-0.26514,-1.4742,2.7737,-0.47936,-3.0215,0.66105,0.60672,1.3725,-0.19656,-0.16896,-0.36737,-0.68488,-1.3508,1.7976,0.94383,-0.41987,0.70727,-1.1632,-0.82299,-1.2417,-1.7654,2.4139,1.6615,2.5811,0.80836,0.93779,-0.45437,-0.74888,-1.1624,-0.70427,-0.2207,-0.18617
-0.75232,1.1313,0.057842,0.33328,1.1515,0.46861,0.40582,-0.59102,-0.58113,-0.57174,1.2421,-1.4505,1.9513,1.4536,1.3517,0.088014,1.0803,-0.23508,-0.84056,-1.1385,0.29227,1.1837,1.893,-0.95444,-2.6456,1.5029,-0.013327,0.48597,-0.16053,-0.13658,-1.3145,1.4478,-0.053235,-0.749,-1.9317,2.7546,1.7276,2.9291,0.076197,-0.83104,-0.69937,0.30489,1.2319,0.41905,-0.93903,0.28367,-0.54004,-2.5598,-2.1383,0.71372
0.55229,0.87573,0.14129,0.43086,0.31809,0.99772,0.34996,1.4247,1.479,-1.7007,-0.16687,-0.030554,0.75379,-0.95077,-1.7522,0.13279,-0.50792,2.521,-0.39468,-0.33175,-0.41721,-0.55481,2.0395,-0.80163,0.55448,-0.10561,-0.91521,-1.6933,-0.42746,-1.0942,-0.84371,1.2089,1.0835,-0.19003,1.1777,-1.4767,-1.2544,-0.59222,2.0025,-0.84343,0.81773,2.091,0.44609,-1.4692,0.043932,0.43197,-0.50277,1.6616,-3.2812,-0.04141
-0.14624,0.76728,-1.1527,-0.80336,0.42539,0.15365,-0.10808,-1.3572,-1.5533,1.086,0.19977,-1.4767,-1.684,0.54102,-1.616,0.041661,0.91398,-2.096,1.8588,0.97878,0.32271,0.62777,-0.67112,-0.44349,-2.3409,2.5325,-0.27956,-0.50136,-1.3883,-0.032811,-1.3207,-2.0081,-2.1783,0.91125,-1.0302,0.13334,-0.6988,-0.30656,-0.48166,-2.4244,0.14276,-0.29056,1.3296,-1.7677,-0.45034,0.75174,0.025743,-0.81382,-0.95195,1.289
1.3747,-0.88625,-1.9363,-2.6638,-0.85813,1.5912,0.29749,-1.325,-2.3891,0.3513,1.3229,0.49955,-0.80791,-1.6099,-0.24264,-0.1615,2.0575,-2.1484,0.85225,-0.42057,0.5366,2.4792,-0.40139,-0.9112,-0.59314,-0.42865,1.3681,-0.13471,2.0178,1.4746,0.49744,-1.1368,0.90273,0.60557,-0.70233,-0.46964,2.2488,0.69222,-1.7793,1.0323,-2.4822,-1.5941,-0.22262,1.6979,-0.1015,-0.67682,-0.68135,1.7739,0.17412,-0.51477
-0.5436,0.7788,-0.8539,-0.29826,-1.2095,0.45052,-0.87928,0.17675,-1.2255,-0.94209,-0.071006,0.87474,0.54038,0.26889,-0.19399,-0.06462,-0.1142,0.22882,1.7654,-0.92001,0.71808,0.59376,-1.7636,-0.0761,-1.2165,-0.69736,0.41104,-0.20711,1.2064,-0.81978,-0.16583,-0.60189,0.32835,-0.32588,-0.81081,2.4621,-3.2644,-0.0036786,-2.4028,0.87667,-0.56128,1.4377,-2.4848,0.35344,-1.4102,1.8308,0.026417,-1.4885,-1.4117,1.1543
-1.2401,-0.85254,-1.5105,-0.49105,-1.0234,0.71946,-0.71855,0.77405,1.397,-0.063173,-1.2634,0.15258,0.75617,0.023386,-0.48565,1.0829,0.63496,0.37836,1.6076,1.0107,0.61079,1.049,-0.87389,0.2367,-0.42167,0.22728,0.20664,1.7673,1.4391,0.79265,0.19344,-0.080617,-0.60508,1.356,0.60434,1.0592,-1.5782,-1.6673,-1.5233,1.5321,0.81849,-0.19457,1.2644,-1.6598,1.6445,0.31839,-0.92363,0.65306,1.0322,0.72572
-1.4125,-0.23178,-1.0606,0.09973,0.046936,0.67406,1.3452,-0.15954,-1.6085,1.1196,1.6455,-0.74916,-0.31871,-0.65607,-2.5174,0.59246,1.1882,-0.61145,-1.0673,-0.46522,1.0341,0.80828,2.0159,-0.41644,1.0249,0.021687,1.4277,1.5165,3.0023,-0.65016,-0.26881,-1.1535,-0.72584,0.67437,0.66085,0.76524,0.64475,2.4704,-2.0505,-0.20979,0.82884,1.2844,0.75932,0.23987,-0.67479,-1.2297,-0.43287,-1.1458,0.78999,0.020755
-1.1472,1.5626,-0.83889,0.079751,0.4173,-1.0455,1.713,1.4181,0.74184,0.36833,-0.26592,0.6597,0.023257,0.50469,0.80416,-1.3739,-1.1139,-0.47815,-0.66649,-0.52615,0.66368,0.18576,0.71609,0.37408,-1.5508,0.34264,-0.60196,0.79217,0.22151,0.39029,-2.6268,0.67833,-0.91844,-0.29028,1.4092,-1.2774,1.9796,1.435,1.1517,0.62295,0.7937,0.71609,-0.12906,0.34587,-0.012797,0.77011,-0.11889,-0.43137,1.2884,-0.59463
1.0936,1.6253,-0.037782,0.27673,-1.068,0.068608,-0.6231,0.62415,1.2987,0.0117,0.48398,0.47705,-1.42,0.2698,2.1879,1.8594,0.91608,-0.48044,-0.6166,1.671,1.4754,1.1304,-2.5547,0.47194,-0.76192,-0.64654,-0.97582,-0.44048,0.60781,1.0925,0.71343,3.2692,0.53984,-0.03698,-1.4943,2.7796,0.054272,-0.24609,-0.28678,0.81891,0.72266,0.029946,-0.5238,0.76236,2.1141,1.8275,0.60184,1.1539,-0.31926,-0.75842
0.30404,2.0873,1.5929,-0.43466,-0.73175,2.8098,-1.5247,-1.1167,1.0325,0.1376,-0.42761,1.318,0.79684,-0.58174,0.54951,-1.4064,-1.3498,0.39143,-0.54779,-1.1357,0.50029,0.12547,-2.0953,0.78364,-0.65677,-0.22115,-0.76516,2.4054,-2.3082,0.69141,-0.69562,0.62175,-0.77356,-1.1239,-0.40418,-1.3628,-2.7657,-3.5974,1.1573,-1.5722,-0.53254,-1.7341,2.5377,-0.74073,1.5138,0.61918,0.18666,0.76958,1.836,-1.7014
-0.2421,0.035265,1.5242,-1.2046,0.11286,-1.0554,1.0086,-0.78533,-0.49591,-1.4511,0.54003,0.76368,-0.071578,0.70926,-0.18967,-0.18991,0.34247,-0.08506,0.8144,0.31687,0.74228,1.2773,-0.018864,0.19405,-0.99501,-1.1272,0.14742,0.16779,-2.9933,0.52196,0.65641,1.1741,0.50097,-0.28594,1.1676,0.25031,-0.84643,0.50358,1.3586,-1.3375,-0.30645,1.0083,-1.0309,0.35079,0.1227,0.47191,2.2969,-0.35898,1.4084,0.074009
1.457,-0.15794,-3.0604,1.3225,2.9775,-0.010656,1.3821,-1.6074,-1.4196,-0.60339,-0.069361,-0.87511,-1.3012,-0.66464,1.3993,0.30938,-0.41601,-0.46262,1.3543,0.67034,0.73882,-0.93306,-3.8058,-0.28318,-0.3104,-0.099854,0.72143,-1.2832,-2.6666,1.7162,2.3933,-0.3503,1.658,-0.75142,-0.32495,1.3103,-1.1168,0.066995,-0.15911,-1.248,1.8025,0.26943,0.076552,1.5064,1.7421,-0.67829,-0.10897,0.16133,-1.2507,1.4535
-0.34679,1.0661,3.5503,-0.44424,0.0029972,-0.39244,-0.53881,0.46099,-0.55294,0.24104,1.7571,-2.6278,0.45989,0.67423,-1.4158,-0.69665,0.48399,1.3999,1.8968,1.453,1.1049,-0.91699,-0.56795,0.99883,1.7609,-0.31781,-1.3671,-0.77415,1.278,-2.4724,0.42732,0.82809,-0.58887,0.99719,-0.90144,0.46896,1.161,0.94098,3.8837,0.3864,-0.089303,0.95052,-0.52312,1.3009,-0.39738,-0.69587,-1.2213,0.49248,0.038972,-0.9392
0.59499,-0.060041,-0.37213,0.54635,0.58004,0.022816,-0.57441,0.25578,1.4709,3.079,4.1382,1.3181,0.75754,-0.49631,0.22793,-1.0254,-1.649,-0.48251,2.4994,1.2638,-0.92254,0.02698,-0.26901,1.2787,-0.92417,0.025043,0.00043005,0.79191,-0.64321,-1.7895,-0.18108,-0.21292,0.97902,-0.17899,-2.2915,0.20021,-0.23403,-0.038327,-0.68645,0.042652,0.51393,-1.9384,-2.152,0.9905,1.6041,0.32127,0.95358,0.065948,0.12562,1.8101
0.90124,-1.3422,2.8862,-2.849,0.10695,2.1136,-0.80574,0.17495,1.4057,0.19697,-1.6932,-0.30625,0.18035,0.86639,-0.41043,-0.019566,2.0269,-0.96992,-0.92202,-0.41191,-1.1758,-0.87069,0.34408,-0.3123,-0.92441,1.0611,-0.3755,2.2807,1.9607,-0.43041,0.43191,-0.70297,0.374,0.8282,0.81214,-2.1813,0.67861,1.1361,-0.72932,-0.56832,-0.76937,1.105,-1.0472,-0.86548,0.54331,-1.0288,-0.27343,-2.5624,0.093345,-1.7078
-1.1043,1.3156,0.98002,-0.50788,0.65337,-0.28681,0.72064,1.568,0.96911,-0.6656,-0.039731,1.4901,-0.87395,0.66289,0.43752,-1.4981,0.31932,-1.5649,0.73498,1.0901,1.7793,-0.81828,0.43229,0.79957,-3.0614,0.17866,-1.1118,-0.96181,0.53343,0.43617,-0.50774,1.3614,0.38006,0.59772,-1.4751,-0.55782,-1.3177,0.173,2.3006,-0.58407,0.03585,-1.7837,0.6029,1.2237,-1.1182,-0.032049,-0.17958,-1.3801,-0.056441,0.69195
0.58045,1.5945,0.88107,-0.85554,0.31391,-0.21046,0.012555,-0.11306,0.85903,2.1289,0.095894,-1.3633,0.29672,-0.0035753,-1.6426,-0.70482,-0.49516,0.79879,-0.62835,0.67551,1.2371,0.24273,0.056483,-2.0177,-0.70542,0.41021,0.97166,0.79441,-1.1337,0.33362,1.5093,-2.5754,0.32589,-0.43489,0.10768,-0.11836,4.344,1.0659,2.2189,-1.4506,0.58699,-0.12764,0.38024,0.011849,-0.017649,1.1179,-0.19459,0.52209,0.55634,-0.92465
0.64113,-0.19295,0.23638,1.5005,1.0286,0.62509,0.58207,1.6417,0.21952,0.63528,0.046813,0.5257,0.6504,-0.66478,0.10848,0.77731,-0.98191,0.23307,1.4232,-1.8452,-0.81265,-1.3155,0.52043,1.0435,0.42187,1.2988,-1.5512,-0.17419,1.5398,-0.66004,-2.061,-0.47224,1.0183,-0.71104,-0.82795,-1.0436,0.69274,-0.58596,0.24809,-0.36032,-2.9707,-0.28721,-1.1772,-0.1999,-1.1416,-1.1086,-0.4906,-0.10643,-0.43941,-1.5445
-0.10844,-1.122,-0.26071,-1.4424,-0.6735,0.36272,-0.017654,-0.50726,1.3072,-1.1616,3.7316,1.326,0.38036,0.74683,0.57765,-0.09745,-0.99833,1.3113,2.3665,-2.1967,0.12902,-0.53651,-0.86967,-1.2558,1.2107,-0.37171,-0.16258,-1.4313,-0.19221,-1.1536,-0.59425,-0.073246,-1.1804,-0.99067,-0.53294,-1.276,-1.6759,-1.5807,-1.9855,-0.12702,0.87949,-0.34497,-2.0226,0.52811,-0.38134,0.57401,-0.40962,0.054696,-0.083605,-0.28455
-1.728,1.2485,-1.1677,-0.64751,-0.44385,0.20025,-0.84871,-1.9425,-0.31218,1.097,-0.41879,0.19934,-1.4391,-0.73461,-1.0727,-0.6334,-0.57672,-0.66205,-1.0627,0.60951,0.40438,0.51623,0.39717,1.8092,0.43184,0.46588,1.6307,-0.5495,1.7705,0.43312,-0.67016,-0.65775,0.46064,-0.93592,0.28609,-0.027233,-1.1788,0.85023,-0.2258,0.20477,1.0391,0.72514,-0.94196,1.4337,-0.60463,-1.9689,0.93875,-0.74473,-0.25965,0.093092
-0.80778,-0.15163,1.9582,0.20564,-1.7286,0.543,-0.52298,-0.24752,0.7444,-1.5709,-2.1271,-0.32394,0.51071,0.08845,2.8266,1.3259,0.28577,-0.085175,0.066463,0.95477,-1.1679,-0.1396,-0.70321,0.18713,0.25173,-1.2499,0.35804,0.28023,-0.19337,1.0695,0.11846,-3.07,0.50023,-0.0093231,1.0027,1.1264,0.11591,-0.53267,0.27369,0.73525,-3.0221,-1.0079,-0.40538,0.19773,-0.88805,0.68322,1.9361,-0.0231,-0.95789,2.3531
0.38973,0.61409,1.1646,-0.70668,-0.64818,-0.81063,0.58083,-0.91656,-1.9497,0.34751,0.14205,-1.3353,2.2448,-0.18817,-0.50222,2.2002,-2.0928,0.48068,-0.33572,-1.9623,-0.63311,0.74069,1.6765,-0.52319,0.32,0.47589,0.62828,-2.0434,-0.049966,1.3062,0.52386,2.0061,2.048,-1.1162,-0.91724,0.70449,0.37306,0.13293,-0.13254,-1.2375,0.42651,-0.75354,0.050854,-0.97946,0.29979,0.005219,-0.73467,-0.43334,1.0597,-1.7952
0.92508,-0.87459,-0.31568,-0.88976,1.4117,-0.99877,-1.0643,-0.26126,0.71459,0.3764,-0.44356,0.45237,-1.4096,-0.1942,1.8954,1.3597,-1.1299,-1.0851,0.48373,1.1459,-0.0072754,-1.2338,-0.12507,1.5508,-2.5757,0.47821,0.38847,-1.3176,0.026222,3.8003,1.2442,-0.23145,-0.15498,-1.2057,-0.33613,-0.39071,-1.1623,0.35377,-0.0023031,-0.0010379,0.30724,1.8847,-0.11538,1.7265,0.8127,0.21772,0.31319,0.30187,0.18247,-1.1154
-0.76276,-1.3067,-0.81245,-0.75124,0.45946,-0.77482,-0.69224,0.43774,0.047813,0.84203,2.7279,-1.9885,-1.6109,-0.9618,-1.4478,-0.72229,-0.49984,-0.36451,0.46126,-1.024,-2.2074,-0.7484,1.2505,-0.64065,-0.95173,-0.87922,0.50821,-0.072422,0.99216,-0.93916,0.63995,-0.32165,-0.92069,-0.18277,0.37015,0.49244,2.3533,-1.0854,-0.069242,0.48161,-2.1093,-0.17536,-1.5922,-0.33515,0.031888,-0.34049,0.23239,0.31697,0.30334,-0.68799
0.29879,-1.6109,1.9529,0.55336,1.2581,-0.21309,0.57445,-0.25335,1.3971,0.92995,0.18402,-2.0913,0.13004,-0.14573,-1.1271,0.45584,0.088831,-0.022128,0.5115,-1.0248,1.5208,1.123,0.41461,-0.75149,2.8421,0.58801,0.39292,-0.28771,-0.57631,0.78398,-0.76283,-0.16272,-1.059,0.49058,-0.38596,1.0566,0.90313,0.57878,0.42944,1.2189,0.54107,0.0075525,0.44145,0.48397,0.90045,0.44725,-0.69623,-0.62322,0.13211,-0.47536
0.20395,0.32821,0.13775,-0.20529,0.67091,-0.35931,-0.085206,0.69196,0.094458,0.67529,3.1183,-1.7116,-0.18921,0.19851,1.5817,-0.5391,-0.53783,0.40451,-0.65608,-0.80211,-0.55688,0.88941,1.8536,-1.3711,-0.55879,1.1274,-0.5039,-0.12256,-0.97505,-1.5791,-1.9087,-1.0181,-0.12205,0.090968,1.0736,-0.30127,0.406,-0.43764,-0.75134,-0.85759,0.36491,1.3692,-0.65601,1.2997,1.0138,0.26211,0.44291,-1.24,0.58068,-0.8245
-0.33925,-0.040281,0.94107,1.5395,0.58654,-0.86742,-0.34085,-0.40851,-1.298,0.33967,-0.90702,0.25983,-0.103,-0.78132,-0.71292,0.06651,-0.32195,0.14865,-0.76413,0.37017,1.077,1.2068,1.3745,-0.20804,-1.5567,-0.62295,0.70282,-0.0054423,0.93139,-0.8583,-1.9143,0.90252,-0.72265,0.83503,-0.62354,-0.75518,-0.24085,0.45021,0.0095851,1.875,0.20041,-1.7965,0.84239,-0.19412,0.036083,0.17599,-1.5068,0.0050028,-0.065102,0.41792
-1.1689,1.31,1.8831,1.0033,0.78156,-0.45868,0.025198,0.79206,1.1062,-1.5339,-0.65763,-0.95856,0.89194,-2.2097,0.4311,-1.0476,0.81226,-1.958,-0.87913,-1.3302,-0.41201,0.94318,-0.2286,1.2663,0.52266,-0.43471,-0.042121,-2.5066,-0.61502,-0.60767,0.44298,-0.73977,-0.50228,0.32866,-0.72324,1.2031,-2.0534,-0.47346,-0.44641,1.773,0.65954,0.78697,0.0073827,-0.044568,0.81614,1.1043,-0.83259,0.24763,1.4605,-0.92516
0.49789,1.5623,-0.45731,-0.034273,0.83448,-0.49203,0.073095,0.44128,0.21281,1.492,1.1274,-1.9827,-0.15113,-0.51288,-1.7318,-0.60649,-0.28633,-1.7159,-3.2294,-1.0413,-0.59266,-1.3611,-2.759,0.46424,2.4846,-0.90009,-0.74791,2.9377,-0.69836,1.1699,-0.39436,-2.489,0.6699,-2.0093,3.0376,-1.9814,-0.12545,-0.57886,1.6765,0.70313,-0.27642,1.2765,1.4103,-0.30152,-1.1212,-0.47585,0.29745,0.85191,-0.21325,-0.15396
-1.1108,-0.5177,-1.1088,2.047,-1.5149,2.2146,1.5043,-0.85127,-1.5971,-1.8379,0.081694,0.26803,1.6515,-1.6241,0.25882,-0.447,0.70244,1.4965,2.1613,0.78398,-1.1191,0.24894,0.41376,0.95518,-0.52882,0.02767,0.82239,1.2378,0.02721,0.60551,-0.4952,-1.0538,-0.27405,-0.077244,-0.90602,-0.069748,-2.8124,-3.8852,0.96449,2.3225,0.63378,1.1328,1.6233,-0.2993,1.9791,-0.26366,0.10965,1.4996,-0.87176,1.0355
-0.99997,-0.81081,-0.935,1.5549,-0.35016,0.83988,0.28558,-1.5019,-1.0153,-1.892,-1.8499,-1.0583,0.18446,0.23096,0.86133,0.26941,-0.57258,1.7362,0.24752,-1.7816,0.20125,0.6872,-0.042426,0.22045,-1.032,-0.52114,-0.30428,0.79886,0.94247,0.32206,1.9145,1.2839,-0.074442,-0.49838,0.9653,1.7665,0.35013,0.9463,0.86967,-0.44323,-0.73022,0.36505,-1.3745,0.1176,-1.4539,-1.4513,-1.3229,1.9437,-0.60245,-1.3144
2.5206,-0.41318,0.032663,1.6509,-2.3687,-0.90906,-0.88955,0.053311,-0.40452,0.14265,0.7071,-0.54245,0.52233,-0.56042,0.44103,2.2463,0.11812,0.53075,-0.46009,-0.033617,-0.90004,0.11607,-1.3085,-0.92642,-1.6976,0.31707,1.9123,1.7867,0.72323,1.2207,-1.4952,1.4534,0.057085,0.62739,-1.084,-0.20819,0.16748,1.2432,1.793,-0.994,1.0795,-0.60368,-1.2548,0.3332,-1.0118,-0.35098,-1.282,0.033257,-0.62343,0.12063
0.11448,-1.0439,0.31924,1.6142,-0.063093,-0.52091,-1.3499,-1.3758,-0.57373,2.246,0.54048,1.0091,-0.94449,1.1244,-0.40826,-0.43822,0.56903,1.4223,0.11761,0.56226,0.10891,1.4536,1.3108,-0.23194,-0.54371,-0.54921,-0.064365,2.1755,1.7707,1.1957,0.37927,-1.215,1.0345,0.58708,-0.10573,1.0965,0.66804,0.57531,1.4544,-0.90741,-1.4142,0.14128,-1.2683,-1.0644,1.899,0.95587,-0.0061304,0.31766,0.39415,-0.32484
0.92791,0.919,-0.4561,-0.55644,-0.82415,0.61276,0.26501,-1.1701,-0.34876,-0.60824,-1.7199,-0.18145,-0.30576,0.79396,-0.10754,0.22731,1.3359,-0.22194,-0.66988,-0.71852,-0.74474,0.39576,-1.8992,0.34367,0.43168,-0.78137,-1.1216,0.93325,-0.01909,0.33708,-0.73788,-2.4391,0.12878,-0.071486,-0.53925,-0.82438,0.31556,2.017,2.8896,0.038801,0.031641,1.1839,-0.59786,-2.0181,0.048718,0.12751,-0.22158,0.70454,-0.23647,0.60388
-0.90231,-2.3613,-2.4648,-1.814,0.45676,0.59201,-0.34483,0.081536,0.22143,-1.6545,-1.5309,0.97674,0.41038,0.76922,-2.3309,-1.3659,-0.93928,0.77977,0.88142,2.3895,2.0998,0.23727,0.035081,1.1703,-0.96316,0.14665,1.058,-1.0825,-0.029257,2.7289,0.27852,0.36867,-1.2871,0.2624,0.14204,-0.6886,2.1909,0.18636,-0.65589,-0.17209,0.81558,-1.6051,0.26999,0.93639,0.033922,-1.1053,0.21928,-1.7518,-0.010788,-0.36257
0.48667,0.24242,0.044089,-0.73085,0.49355,0.39746,-0.4145,-0.14972,-1.5601,-0.60139,-2.3986,0.64556,-0.88593,-0.50479,1.2116,-0.10571,0.65545,-0.6905,1.8089,-1.5436,-1.1206,0.34369,0.78284,-1.9401,-1.1969,-0.88731,1.2119,-0.56232,0.32671,1.2193,0.80482,-0.05619,0.48976,1.3567,-0.37009,-0.81054,1.1003,0.61176,-0.31939,-1.4367,0.1208,-0.44637,-1.8335,1.2836,0.67316,0.59764,-0.32418,-0.35833,1.2032,0.23142
-1.6161,-0.5334,-0.21147,0.25656,-0.12445,0.0025042,0.48666,1.0606,0.094461,1.2114,1.9795,-0.14262,0.11069,0.22094,-0.8826,0.25762,1.9729,-2.2525,-0.34921,0.46683,-0.75161,1.0123,0.60226,1.3205,0.41736,-0.65115,-0.10158,-0.81061,1.4869,-1.2037,-0.47103,-1.1829,-0.56183,1.0868,-0.71771,-0.26267,1.1576,0.081358,0.055552,0.69013,1.2455,0.86438,0.87136,0.49904,-2.3166,-0.13941,0.26732,0.34038,-0.34144,2.005
-0.81165,-1.9666,-0.56682,0.23206,-0.88754,0.036058,-0.23571,-0.52881,-0.53275,0.54357,-0.87848,0.31189,1.1173,-1.9525,-0.75213,-1.0139,-1.6188,2.1334,-0.77518,-0.72441,-0.31652,0.35803,-0.63503,0.91549,0.083061,-0.13789,-0.62767,0.32606,0.9028,1.2415,-2.4847,2.2559,0.94636,-1.6896,0.79965,-0.80178,2.2215,0.75398,2.7998,-1.0536,-0.70864,-0.48952,0.79031,1.6799,1.3674,-0.77445,1.1143,0.8762,1.5221,-2.5095
0.537,0.20179,-0.35438,-0.023814,-0.77172,0.40141,0.28541,0.8869,1.0525,-0.70648,0.56471,-0.32328,-2.0111,1.0775,0.95664,-1.0315,-0.026473,0.51353,-2.9999,-0.65988,-0.79046,1.2499,0.42983,-0.40742,0.15411,-0.54877,0.33791,-0.11597,-0.2683,-0.524,-1.9626,2.3595,0.31058,0.25502,-1.2832,-0.058338,-0.61582,0.096999,1.4395,-0.4177,1.4761,0.67605,0.53546,-1.9453,-1.0487,-0.59021,-2.2201,1.3986,0.31991,-0.5302
-0.75836,-0.35145,-0.068699,-0.43977,-0.88057,0.75264,-0.13999,-0.58347,0.20187,-0.89841,-1.6111,0.58133,0.31522,0.28042,-0.028707,0.43723,1.4561,-1.0215,-1.1144,-0.14721,-0.43654,-1.3882,-0.25186,-0.32265,1.6619,-1.1786,1.1318,1.4184,-0.19365,-1.2091,-2.7283,1.5131,-1.5358,-1.2494,0.65887,-0.64671,-0.84051,2.4834,1.7351,0.22194,-1.0085,0.0176,0.88018,-0.91202,0.40477,-0.034025,1.0544,-0.21084,1.0846,-0.45723
-0.50027,1.3127,0.063164,0.19126,-1.2084,-1.1422,-0.16295,0.39675,0.58553,0.79176,-1.5564,-0.24037,-0.27807,-1.1577,0.27041,-0.72168,-0.024314,-0.77584,-0.85675,0.39506,-1.0003,-0.081929,-2.8694,0.6601,-1.0219,0.0023942,0.17181,0.67207,0.49216,-0.16007,-0.85627,-1.3856,-1.4556,0.65089,0.61989,0.55359,1.75,1.911,1.5202,-0.042014,0.037446,0.43513,-0.56973,0.25428,-2.0256,-0.19086,-0.44607,1.3374,1.3798,-1.9334
-0.38481,1.6372,2.6263,0.01965,-0.74407,0.83739,-0.25207,0.46837,0.33125,-0.40292,-1.4916,1.2918,0.59138,-1.2533,0.93312,0.76416,-1.3158,-1.0142,1.5447,-0.21025,0.3292,2.281,2.3291,-0.0089706,1.048,-0.38354,-0.48793,-1.683,0.094167,-0.67165,0.090664,-0.021106,1.7816,-1.649,1.8539,1.1848,0.11406,-0.25487,-0.97857,-0.83612,-0.53389,1.0433,0.049167,-1.4903,-0.31008,-0.65507,-2.4219,1.2556,0.71999,-1.2997
0.10038,0.70577,0.9689,0.53212,-1.5532,0.83943,2.0984,-1.3862,-0.7714,-1.8362,-1.5093,0.79048,-0.11095,-2.0107,-1.4737,-0.38629,0.75624,-0.8603,-0.1626,1.2645,1.0291,-0.68969,1.0532,0.58635,-0.23385,-2.4012,0.17229,-0.039974,0.45093,2.1525,-0.59122,-1.372,-3.0123,2.4576,-0.51056,-1.0914,-1.0566,-1.2469,-1.2705,0.73206,-0.087756,2.5808,0.62454,-1.1812,0.5591,-0.93451,0.77224,-0.31242,-1.7296,0.068784
-2.5899,0.75046,-0.55861,-1.1871,-0.34795,-0.60832,1.7243,1.1669,0.4106,-1.5115,-0.46278,3.4012,0.067019,0.23433,-0.15724,0.23409,0.41377,0.70239,-1.4088,-0.70601,0.90519,0.53587,0.21078,-0.29383,1.9213,-0.21531,-1.5582,-1.8346,1.3424,-0.39821,1.1272,0.31003,-0.1892,1.1497,0.17738,-1.5309,1.6116,-0.73204,-1.4846,-0.63064,0.030925,-2.7218,1.1401,-1.8626,0.60075,0.90916,1.491,1.0168,0.28335,-0.91953
1.4593,0.03561,1.0498,-2.4507,-0.69108,0.87242,-1.596,-0.82258,-0.0537,0.42572,-0.15709,0.34069,-0.9792,-1.0101,0.83883,0.48953,0.29013,-1.0525,-1.6465,-1.0431,0.8519,-0.75343,-0.13422,-0.45613,-2.7519,0.56997,0.46988,-0.85705,1.1844,3.6725,2.3282,-0.26057,-0.5787,0.60553,-0.049047,0.52804,0.2754,1.1173,-1.2505,1.0357,-0.53554,0.6591,0.66235,-0.91841,-0.52503,-0.42468,0.10492,-0.33552,0.053276,0.1922
-0.62959,-0.25618,-0.15164,-0.81422,-0.63472,-1.6854,1.2237,-0.9903,0.31137,-3.2725,-2.4202,2.0161,-0.31806,-0.30862,0.72644,-0.80004,1.0722,0.97944,0.77559,-0.79594,-0.94429,-2.5889,-0.88891,0.42119,-0.33327,0.10999,-0.34815,-0.48763,1.0712,-1.1224,0.88191,-0.040798,0.20016,1.5485,-0.14767,-0.34497,0.45762,1.1378,-2.0152,0.92349,-1.099,0.41841,1.8341,-0.41695,0.4756,-0.6246,0.044959,-0.17098,1.6268,0.94062
1.775,0.99209,-0.40315,0.35434,-0.85621,0.35764,-1.2548,0.91841,-0.53983,1.5501,0.49393,1.6472,0.15979,1.0026,-1.5976,-1.8909,-1.7722,-0.30732,0.9117,0.1873,-0.069252,-0.55713,-0.017964,-0.599,0.60862,-1.3667,0.96787,-0.80269,-0.34294,-1.3468,0.78548,-2.1518,-0.33315,-0.49383,0.014225,-1.0802,-1.0713,-0.045371,0.57316,-0.64142,-1.5483,-1.3955,-2.406,-1.83,0.99511,2.2385,-0.85154,0.48902,0.36801,0.37706
0.63401,1.3619,2.441,0.81789,0.43214,0.039632,1.2122,-0.22667,-0.064598,2.7568,0.85393,-2.008,0.10649,0.1351,-1.4406,0.49064,1.1501,0.58519,1.031,1.5788,-0.69211,0.40951,1.4959,0.7174,1.5505,1.3316,1.0335,-0.62367,-1.0124,0.95853,0.079259,1.7322,2.2736,-0.75663,0.50718,-0.17493,1.5552,1.5516,-0.74711,-0.8662,0.18585,-0.44342,-2.309,-2.347,0.51106,0.54099,1.9642,-1.8076,-0.42039,1.1145
0.27032,0.14604,-1.3116,1.036,-0.97258,-0.10849,0.26192,0.31547,-1.2567,-2.0655,-1.122,-0.38218,-1.7289,0.76077,-0.46908,0.046655,-0.368,1.1241,-1.3945,0.81063,-0.66269,0.50611,-0.42339,0.75102,0.5211,0.20576,-0.28519,0.58728,0.75571,0.09128,-1.1676,-0.78262,0.42268,-1.314,1.1656,-0.87653,1.2663,0.70866,-0.73309,-0.76291,-1.122,1.9948,-0.27163,-0.29297,-0.71577,-0.80214,-0.12979,0.082653,0.11879,1.7704
-1.9696,1.8609,-3.1014,0.60701,0.37773,-0.27421,-1.6642,0.00029582,0.23744,-0.070808,0.75106,-1.2133,1.1821,-0.93641,1.3429,1.865,1.6221,-2.5509,-0.87109,1.3191,0.0919,0.81227,-1.0203,-0.047326,1.515,0.9016,0.70254,-0.31492,0.11169,-1.9024,-2.7648,-0.83799,-0.28217,-1.2387,1.7052,1.1053,0.43919,0.15113,-0.59734,-0.38512,-0.75283,-1.1902,2.1604,-1.7017,0.18755,-1.431,2.4503,1.2147,-0.84172,-0.51855
1.1937,-1.789,2.5227,0.72488,-1.1777,1.4398,0.12355,-1.0868,-1.5485,0.0036849,1.3682,-0.36891,-1.4873,0.26608,0.43682,0.28968,0.75013,-0.11246,0.049522,-0.23172,1.1843,2.5073,-0.12022,-0.49416,0.7154,-0.4369,-0.30296,-0.38984,0.8163,0.39187,-0.47539,-0.64921,-0.536,-0.29434,0.69595,-1.3836,0.77194,-0.40951,-0.38368,0.23179,1.2663,0.97549,-0.55234,-1.0413,0.098424,0.95893,0.48306,-0.3175,0.65565,1.7466
1.2253,-1.2474,1.9048,0.28522,1.4406,-0.33115,-0.43269,0.75741,0.21356,0.86317,1.3984,-0.012376,1.0756,0.86083,0.61508,1.0857,1.0403,-1.5318,0.59634,0.93241,0.68072,-0.45647,0.35967,-0.060144,-1.1168,0.11201,-0.94448,-1.7336,1.1038,1.1047,-0.90656,0.36703,-0.3771,0.21138,1.6166,-0.028761,0.032979,-0.0904,1.3281,0.4852,0.42245,1.5148,0.078945,-0.076683,0.8961,0.4519,0.18501,-0.56388,0.4213,0.41061
0.61209,-1.9134,3.1134,-0.15141,-0.99591,-0.15676,0.46737,-1.1343,-0.45704,0.21898,1.6521,0.77422,0.35534,-0.52891,1.1045,1.5492,-1.5915,-0.51186,-0.75737,1.8425,-0.41319,-0.045519,-2.2865,0.8849,-0.14228,0.092078,-0.97811,0.39829,1.5432,1.1871,0.20319,-1.2905,-1.8076,-0.62681,0.33311,0.049367,-0.1144,-0.79069,-1.7964,-0.39063,-0.43738,1.4803,2.3132,1.028,-0.43444,-0.82701,-0.38798,1.171,1.0597,-0.15382
-1.6028,-0.87889,-0.99729,-0.56123,-0.53713,0.88174,1.6457,0.32253,0.79645,-3.0896,-2.026,0.71992,-0.38514,0.56034,0.3149,-0.34984,-0.49501,0.035028,0.7476,1.1383,-0.13154,-1.0504,0.69267,0.76716,2.7715,-0.34948,0.84235,0.76282,-0.063903,-0.9462,1.5793,0.20942,1.7289,0.42078,0.76725,-1.496,1.8283,-1.2162,0.32416,-0.51309,-0.42639,2.7291,0.15634,0.034897,0.10601,-0.85415,-0.43039,0.28608,-1.237,0.73144
0.85142,0.17898,0.64439,0.92216,-0.68286,-0.4973,0.069938,0.56551,0.59948,0.065324,-0.1561,0.59399,1.0448,-0.37948,0.7541,1.1201,0.7089,0.11605,1.8662,-1.8123,0.17239,0.36729,2.3458,-0.030884,0.50236,0.44219,2.1682,-0.29139,0.33045,-0.52235,-0.16563,-0.73681,-0.21519,-0.15261,-1.9187,-0.10469,-0.21417,-0.86846,1.9388,0.024283,-1.231,-1.4263,0.91594,-0.58829,0.30839,1.7833,0.3898,1.939,-0.87281,0.47884
0.14009,-1.2361,0.20843,-2.18,0.54259,-1.3231,0.73782,1.4318,0.8648,1.4828,0.74916,-0.059544,0.5115,1.8559,-0.64907,-0.58836,1.3698,-0.91977,0.0089201,0.54628,0.60891,-0.67219,-0.18019,-0.51912,-2.6329,0.69304,0.86857,0.066367,0.91823,2.2666,0.94407,0.56531,-1.3553,1.0577,-0.13979,0.40904,0.58457,-0.74932,0.5222,-0.49296,-0.99748,0.20189,0.41478,0.54067,-0.85054,-0.38575,0.090653,1.2098,-0.58887,-0.34595
0.98481,-0.28181,0.20195,0.30842,0.93869,-1.4467,0.69126,-0.9053,-0.38813,-1.5873,0.79302,-0.75215,0.52315,0.90424,0.23414,-1.0234,0.1757,0.32568,-0.95537,0.037345,0.36984,-1.4544,-0.61872,-1.1065,-1.0535,0.12083,-0.10407,0.82552,0.32901,-0.92588,0.76671,-1.6648,-0.2318,3.2229,-1.8392,-1.876,-1.2824,-0.14899,-0.59962,0.93566,-0.30315,-0.37683,1.234,2.3752,0.13487,-0.3567,0.0097119,-0.42964,-0.85118,-0.45058
1.0806,0.18152,-2.0617,0.38356,-0.067672,-0.1182,0.76684,-1.1866,0.68342,1.3657,-1.4756,1.5897,0.51057,1.1011,-1.0842,0.35749,-1.5168,-0.41826,-0.79343,1.279,-0.96196,-0.38882,-1.033,0.26982,-1.4058,-0.50831,0.53503,0.15687,-1.6061,0.83696,-1.6563,-0.5001,0.95026,0.45177,-0.74631,-0.61992,2.1243,0.025753,0.26317,-0.052293,0.73085,-0.90971,0.67555,0.86612,-0.37771,0.68316,-1.028,-0.41355,1.1647,0.051739
0.52686,0.61438,-1.1906,1.259,-1.6211,0.73508,-1.2568,-0.14128,0.25212,-1.8618,1.4507,1.7492,0.047712,0.25464,-1.7631,-1.4491,0.16353,-1.4581,-0.12708,2.5754,-0.075653,-0.88046,1.2971,0.53149,-0.22244,0.79499,-1.432,-0.18081,-0.82386,2.1564,1.3615,-0.13181,0.055375,-1.0992,0.82026,0.74435,0.088072,1.5497,0.41103,0.52574,-0.90487,1.6929,2.8178,-1.179,-1.284,-0.21789,-0.27764,-0.9343,0.20811,-0.5963
